CO2,NO2,TEMPERATURE,HUMIDITY,PM2.5,PM10,SO2,O3,WIND_SPEED,AIR_QUALITY
1.518629775,56.8411231,21.25814788,64.89163928,8.046327763,50.22063046,33.15424502,24.4251646,1.450580744,Moderate
0.245631338,41.14832918,24.71179399,,18.25618881,0,14.64718482,64.45143939,6.977131654,Good
1.590040585,-0.336604088,28.72654393,55.7466675,99.07098099,67.27179949,34.20857472,23.73639972,2.981163198,Poor
0.774380852,59.24948281,34.0298142,46.34705122,27.00272238,171.080898,11.88951873,50.28507129,4.891567242,Moderate
0.735228213,35.96929298,,79.36680793,73.77475641,186.7489221,28.00808073,40.59236078,5.941749003,Moderate
1.695114934,46.86785387,24.97791329,50.65862586,52.53653883,182.9358301,14.34343608,43.67879843,6.42526779,Poor
1.631335151,23.84138986,34.76071932,64.85679029,89.80003264,65.89329309,47.01880025,43.38943408,1.610167562,Moderate
1.975727448,13.06748136,15.15683182,52.89644972,122.1988906,,21.7868189,41.37195929,8.673995378,Poor
1.361311023,30.98636585,34.01062105,69.09799886,79.19757983,97.27186372,36.55602355,34.83920064,8.749566428,Moderate
1.820752503,48.54609223,19.13985157,61.61956622,98.60796631,39.74895682,22.30837059,51.3641265,4.626010279,Poor
1.385648537,11.83357135,26.15417653,79.861895,27.2986373,38.17147775,18.06913561,55.13039842,3.26287137,Moderate
0.831647023,49.89068244,15.1772657,67.08207259,98.63013129,146.760738,48.19255498,72.8108947,4.523088437,Poor
0.338563838,,33.21540323,74.78373888,118.6030862,107.1916102,47.21243882,27.99672626,3.591406847,Moderate
1.518004796,57.28490735,23.68041945,47.8298088,109.0630429,18.34500206,44.72432166,48.38806557,3.708271658,Poor
0.25490045,22.88414443,22.49105774,47.09526391,42.86855271,34.74168653,,41.50169677,4.852174172,Good
1.140919093,49.87130108,24.20716542,55.0056376,25.80307127,17.62637738,26.41489706,49.01973213,9.948591872,Moderate
1.010979444,31.40998075,34.01545415,33.30825944,59.34961403,199.8798056,,32.16217044,4.503397571,Moderate
1.280930349,23.08528419,19.10665877,61.5687663,49.90529811,,43.10959948,65.17926457,2.011446774,Moderate
1.88611398,59.1988824,27.68208063,37.01622591,26.0723704,141.0371904,27.82435291,54.83383052,4.100553041,Poor
0.378994507,34.91278411,29.36907895,62.9711481,88.63714835,132.919459,26.5909723,54.0382305,4.63698863,Moderate
0.86628566,44.47324846,22.09542584,46.26453092,62.90322413,65.81318591,15.62414985,72.63333909,3.385314263,Moderate
1.814219138,14.45622161,34.26998482,,48.21959917,176.6038389,26.11168332,36.69861669,3.66458959,Moderate
1.312792514,37.2244549,20.89238793,48.07018895,121.3474244,184.2444657,46.87238995,71.54430363,7.483744622,Poor
1.246228799,22.99066044,27.44686529,58.10944055,48.20669915,16.31198536,45.8441137,12.18224364,1.776242542,Moderate
1.103951019,27.76922843,22.3856154,56.49702935,53.49416643,51.66633149,23.8228789,50.40398225,2.794427371,Moderate
0.627048357,13.62234439,17.6297824,61.81871408,75.99839102,108.596273,13.94638642,72.58696753,9.553417763,Moderate
0.506943423,14.47055012,15.2521504,44.45937231,85.68737242,104.7676343,36.70752801,22.23507005,6.289329055,Moderate
1.77300214,12.85273606,22.95224757,42.92957956,95.40827013,53.72162403,10.65642476,11.98362153,6.860779409,Moderate
1.559992049,54.04353796,32.16683354,40.31260569,96.36350339,,17.78561877,,6.365644025,Poor
0.24569544,49.70986656,22.68710077,63.65460655,146.0069016,163.420634,7.550480356,34.49268246,7.475232082,Moderate
1.710016556,42.80809188,15.02947644,49.64475544,107.4575987,76.66047408,,18.8659111,9.477923022,Poor
1.085809328,14.83382248,17.23024425,38.13954946,39.96895607,81.88493474,39.13191649,64.07658142,6.793935473,Moderate
0.98745486,43.09195949,28.03279521,33.94697015,19.1181996,122.442188,11.44360724,18.48854254,7.626519089,Moderate
1.680681009,53.41362527,23.61058677,40.58179493,87.2716869,175.5799245,21.04889648,40.68090256,3.374254675,Poor
1.999491812,29.5452998,29.07714183,36.27431484,14.80268867,89.96147138,7.18345754,42.00612937,3.046795559,Moderate
,,-7.996736466,31.50519361,12.80542611,162.0954023,12.10031906,69.41373097,8.775422267,Moderate
1.763242357,11.20958819,20.71516649,46.21646887,51.1157437,24.77279037,47.46555405,33.97326534,2.886948299,Moderate
1.089956548,30.20701608,22.17431051,79.47255655,105.0968128,73.11998181,23.10044703,32.710676,1.651135455,Moderate
0.776089282,11.51935298,19.00949031,,113.935444,38.33037621,24.58926248,27.30442516,7.17985381,Moderate
1.733926701,26.16857811,22.37414342,63.92499841,69.406594,33.52867454,46.78004819,25.48033271,8.416850414,Moderate
1.756500277,37.33487064,22.75297611,49.60467885,29.33311637,58.48079028,22.03505163,13.13378721,9.820467487,Moderate
,36.62103411,27.9700964,60.04560028,26.45395845,157.9754154,40.87688495,37.70213809,3.563674089,Moderate
0.232799286,35.36174043,34.28057694,53.45536055,102.8595144,183.5572928,40.96201135,75.15830049,3.369215573,Poor
0.22782191,50.02933496,33.83451423,111.1223084,64.40256605,102.7704591,26.25681973,18.22900744,5.825730514,Moderate
1.263499869,11.53262511,28.76810037,76.456976,86.76447355,101.4432843,40.15413955,11.67189339,2.692527098,Moderate
1.20512765,33.95909388,17.21996198,58.54387084,109.0324236,,29.22032163,18.61364865,5.232666004,Moderate
0.349037602,11.68068001,20.94581581,58.19597834,,106.8553531,15.04574164,,5.680744149,Moderate
1.763478431,54.90152745,20.62008998,72.25604257,126.63381,71.19098355,13.91761374,75.83761108,6.090017349,Poor
0.24376874,27.53134656,,57.86685848,118.4517428,137.528814,44.74879324,61.14753081,5.11321557,Moderate
1.486272661,19.04884764,15.46704193,68.95512932,88.68197695,,22.09922105,49.29490769,7.782995241,Moderate
,59.38247819,27.91644773,59.65791095,42.89328759,62.63365505,46.2755532,32.37125984,5.240553034,Moderate
0.266029765,18.67622575,19.9320727,,49.99472991,97.89581515,35.80931568,61.21936909,9.972914525,Moderate
0.813446372,53.40711272,25.22550924,73.23294609,66.98264658,125.324102,29.40821694,42.43737062,4.935534834,Moderate
1.533383512,42.17888476,15.87478145,58.30903456,62.42014013,158.5372921,19.74111534,41.38854887,6.029567839,Poor
1.513291121,52.5603457,32.42408965,40.97769616,131.4273939,76.95248368,29.19083617,24.74946656,1.823346621,Poor
0.761099722,48.21863311,20.64957488,43.59993027,34.58933634,166.2970836,27.45083299,31.36501711,6.741374406,Moderate
0.457385028,50.89171081,,54.15904317,22.39317655,58.54590345,24.60273945,41.88511867,4.087396052,Moderate
1.343168572,31.54437618,20.18669795,73.14984157,7.010009707,80.72753523,45.2340548,39.01008687,2.345943867,Moderate
0.273395255,42.72556071,19.74866937,70.22473212,28.68817997,105.8386561,,65.08830596,5.03344786,Moderate
0.785594595,17.69479532,29.97652674,60.52733775,63.10210419,180.3776995,34.6596621,51.7981634,3.969774058,Moderate
1.829631156,16.1054957,15.78919066,49.27987963,36.99440365,59.98829635,37.98878189,74.56154428,2.144630703,Moderate
0.338515763,36.9350899,19.00564036,36.66049621,,53.38962665,,28.05576548,3.67743403,Moderate
1.494282629,27.36716631,15.30221368,75.86340333,35.31911787,43.38138324,12.0000119,70.685873,5.781977134,Moderate
1.843832995,20.96069937,23.59862155,31.94690083,56.53870392,99.79724369,44.41912918,58.34359195,2.927586275,Poor
1.144120501,15.05229055,24.19329741,46.40897414,39.43507925,134.8856088,22.42709561,38.73533749,5.654353261,Moderate
1.796982937,34.02932887,30.76894687,60.8150243,55.09472379,183.2751474,16.14904575,29.57210029,3.084246922,Poor
0.658353179,15.48680993,24.53800213,50.16038781,112.5270857,157.4003124,14.33848379,43.64536198,3.003843117,Moderate
1.574490429,26.72556444,16.36706401,63.69194491,114.8776013,25.34637477,47.07211692,52.80463969,6.836807431,Poor
1.729365303,44.7572277,34.3209501,76.45723586,79.29695901,64.88155162,20.2319719,24.70331361,1.792054248,Moderate
1.002810391,14.08626729,23.67165585,68.9910442,46.00099127,30.93511774,33.05116181,55.26347936,1.203127269,Moderate
1.639739461,35.90393831,21.64912314,60.15750601,75.41697327,169.7413514,17.20700492,51.22552158,4.858526276,Poor
0.282804756,,34.22270971,59.15954021,85.49439908,99.97857628,33.05061563,16.55602168,4.472735022,Moderate
1.657774003,34.3927022,18.23342872,57.53316897,34.84018466,83.21415376,3.01132722,26.41388047,8.301075026,Moderate
0.953786945,23.59748631,28.13512127,44.79660147,103.0777635,31.72751089,18.07114947,12.82311127,1.704178887,Moderate
1.164973459,40.08059101,16.0866407,49.89328515,15.63778978,162.7328301,8.195528817,58.859333,9.213257961,Moderate
1.316130961,43.06853055,19.41705566,55.70477213,56.76245227,110.8976107,40.72484348,23.89800012,9.393811456,Moderate
1.802009615,37.76817755,31.44844747,59.04751899,28.41138594,115.9041708,44.44032157,44.20234481,1.083174296,Moderate
1.758915001,296.8121872,29.81808112,31.74557763,114.0565782,47.3345377,40.39058642,53.90808804,2.940757865,Poor
0.822252788,47.40365897,,41.13380396,126.6694563,58.23273303,,36.15239617,7.085276097,Moderate
1.654616683,47.17541281,34.25620714,30.90620205,131.8943747,143.5694746,21.61456044,35.78068274,7.192274671,Poor
0.511763366,18.48789525,30.23803625,74.04865028,36.02922841,27.22023195,26.24606148,,4.886593231,Good
0.53273802,27.50626296,31.56498505,49.63653716,145.5516628,20.01473068,36.35764299,27.49312051,8.070999418,Moderate
1.694395756,-0.424237264,26.05414151,53.38406062,125.9537957,35.05406895,26.73184179,11.70988181,5.844937348,Moderate
0.653208132,39.10852301,15.69340533,73.86752266,12.0125931,120.3031957,,37.81039051,7.06772905,Moderate
0.914930353,45.38404674,22.93107364,60.96949847,22.10601013,177.0476091,11.29135979,38.82233673,6.085664123,Moderate
1.588286624,14.349338,20.58552177,42.07684209,63.21195797,30.27584924,37.84150929,17.04339841,1.766804298,Moderate
,53.68385571,17.81423056,,,,20.00311066,59.31455455,5.036367052,Moderate
1.907215953,28.11177208,23.09054771,78.95757776,74.89251427,197.5153558,36.59100887,35.55657442,4.328997631,Poor
1.845941503,22.47730999,20.7492333,38.73235929,115.2580098,135.2971882,45.48579406,25.03982245,2.814896901,Poor
1.386063095,34.04864449,15.22835967,37.81584854,,70.51241034,39.21057673,18.80616354,5.870692503,Moderate
0.66429493,42.58334127,17.80048195,74.52047586,132.3148594,125.2863902,12.15750311,68.83099254,5.171930553,Poor
1.369339218,40.00102741,23.43656357,39.54632925,53.6288829,171.2998558,49.0957752,67.44490922,1.134986503,Poor
1.796755564,56.04239239,17.16051508,45.69134041,29.63362562,115.7882008,13.42363612,68.07506637,5.684684803,Poor
1.831437893,27.06239138,33.95376052,43.93215316,,61.67970769,7.063502835,32.06517162,7.208389642,Moderate
1.741681714,18.38096081,34.32834772,70.13201562,,,,62.55531618,2.768343872,Moderate
1.175421705,34.23481436,29.96768699,30.00153594,147.5272975,47.18581891,,13.44915575,3.646030497,Moderate
1.929926571,20.20178173,29.28848328,32.56469245,101.6694195,119.2913638,15.44636712,24.50977658,7.335423166,Poor
1.977802414,35.62513244,19.8404416,34.25281927,36.72189772,172.5343768,27.7499623,19.28227935,,Poor
0.428708923,47.13532606,32.8019407,79.05589539,111.578652,130.8201212,38.20295382,21.53024229,5.670436278,Moderate
0.41269669,32.73699278,20.51535137,43.91842408,140.5088627,154.9796116,33.80549099,,2.287732559,Moderate
1.949207749,45.40860443,19.7902034,40.17363712,,174.7348419,27.88807991,66.5234555,8.903036773,Poor
0.653238306,39.12113291,19.14151618,61.13767016,101.1800529,160.9490831,23.34005284,77.9633298,2.025507425,Poor
1.909137123,44.50024454,20.74819193,76.43152811,124.9909356,81.82497091,23.42987297,28.24664678,5.988903383,Poor
0.603684757,32.76100745,29.04517532,43.20309923,98.06382994,73.62726548,40.55686085,60.44314035,1.95482845,Moderate
0.489226472,44.75176144,19.83786588,71.17761133,26.53348334,138.2853514,20.02253533,53.24088468,5.545252415,Moderate
1.104746768,45.12324853,16.19049401,51.61731132,84.30468702,69.37460069,45.37666779,37.60388024,2.99344194,Moderate
0.801639003,19.90488164,29.73070457,,61.25604939,122.0343275,29.80468787,62.1057743,1.10684212,Moderate
0.406706285,30.80769991,23.73991771,38.0609406,61.0870501,193.6378188,46.63986434,41.56905519,5.618979782,Moderate
0.292566464,59.06485452,17.11811609,77.2962322,17.5724523,197.3978212,7.444148204,73.21682549,4.685031439,Moderate
1.751214118,29.57628491,33.94181334,44.86436021,138.4777033,64.03374817,15.33355584,30.65762021,2.31415215,Poor
1.053130952,47.76352102,25.3806456,40.62236386,51.45818649,58.74785876,45.12310371,19.86080228,5.634365459,Moderate
0.82796288,17.50243323,26.30170625,35.29371591,29.1032575,104.5172939,26.70038266,77.59572223,3.933011291,Moderate
0.802830106,24.82677906,33.36478173,,102.6946533,128.4265042,25.73845414,13.31909453,5.464679307,Moderate
1.34553874,51.85066642,17.21441187,,141.2374454,199.1529799,44.47473599,40.60036735,3.783918019,Poor
1.811941811,56.54743478,17.18528421,61.19992428,135.064317,39.02354748,41.44428423,62.38626746,8.572210942,Poor
0.223403462,26.40963768,20.80091064,72.5287264,66.14832954,130.6419372,46.82486698,73.92441733,9.490852965,Moderate
1.83521101,42.82393037,33.81569041,57.32292709,27.20595251,58.6012689,3.862844048,14.44750057,7.488038971,Moderate
0.845238311,28.63442585,28.88301147,35.26727422,23.38948327,96.31914423,48.4896346,56.46140525,6.882908288,Moderate
0.383208451,12.90818978,17.68549702,42.64290591,50.48695309,110.6953514,17.01306674,57.39515989,5.539426339,Moderate
1.353574541,52.10166472,26.9026335,70.87039237,143.2434175,41.69772808,45.33572764,54.87042401,2.833456539,Poor
0.577830068,48.049538,29.28653271,68.00804649,31.93765843,74.05668009,48.23116987,75.58644777,3.236821695,Moderate
0.314405031,21.0091601,21.07892802,32.88660796,13.49196927,71.09566001,14.592853,24.72604571,9.389205239,Good
0.453542637,41.8145677,16.56911633,41.21592794,86.84040523,84.80946829,34.55130791,14.82930061,9.351407811,Moderate
0.219792492,42.84775781,29.09108856,,132.5764735,43.83253426,5.2118763,68.9007832,9.985791105,Moderate
1.488750012,39.41011335,,49.84960811,94.05700543,109.2993239,49.6092486,35.16802012,3.612553096,Poor
0.859451318,10.89369674,23.35521959,38.02313071,122.4390409,159.3088961,19.89291986,52.29217567,1.103734126,Moderate
1.603775983,40.83251573,21.77721299,,23.40693999,38.2440461,39.6821435,59.27556669,6.898448795,Moderate
0.22590828,58.47061612,34.68026326,122.406543,,167.8822076,,53.04321102,3.268628982,Moderate
0.992274489,21.58358507,32.16354106,69.46464242,53.04607172,148.2844972,16.45515352,39.66657296,4.725334522,Moderate
1.293580733,49.31725072,18.24466812,35.52159317,106.7520497,197.8029541,4.765612789,40.1688144,2.791740815,Poor
,47.28668914,33.41989042,37.46247349,,38.42786822,15.70638375,56.48518848,7.937330695,Moderate
1.276219962,59.74539113,17.01274957,63.84703915,28.47883596,,46.27622993,35.45280144,9.50486307,Moderate
1.945845916,46.84368725,23.67634839,66.22991434,34.61510542,62.57318496,48.83649316,75.81258843,6.536934069,Poor
,44.39428612,32.84604996,49.3913045,91.92186525,97.42079568,28.97708283,39.46275701,2.226255086,Moderate
0.470750404,32.58838394,21.26695835,52.4519384,138.5002531,,36.35989736,10.59160472,6.13767723,Moderate
0.955280112,27.96166847,21.27933435,54.42478163,87.95782974,183.6864354,29.12592827,15.1494348,4.203715517,Moderate
1.136553862,14.28291248,23.65458272,76.66025439,61.81257972,193.4053483,31.15351908,28.03869537,3.21175281,Moderate
1.277585272,49.93916179,28.91798236,51.38006669,144.7045924,30.39626725,,,5.845457682,Poor
1.038076433,19.97712255,22.42344847,41.44377312,8.653868749,41.92036432,25.12294698,32.8635334,,Good
1.14157612,,27.95634892,61.36644675,96.54951676,,5.573014166,16.65395758,2.928700651,Moderate
,27.4753186,28.60223771,30.81217216,141.493487,170.9818,26.69129375,42.37197719,8.88938307,Poor
0.649402416,42.54867336,26.78907979,77.88158231,131.0823824,169.7138929,40.09666077,13.61799759,2.789456773,Moderate
0.209110851,13.21044685,17.27676787,71.09154733,60.41022385,,43.16222549,47.0008941,6.762258235,Moderate
0.627747579,23.68133331,21.33893176,48.47870997,87.88310918,74.38445344,4.930871153,52.46825262,7.948286074,Moderate
0.28140912,44.8010309,24.00701958,51.96053006,56.43564073,179.173539,,22.30006721,9.611332035,Moderate
0.842155988,36.84872114,31.82895106,64.69747953,61.15478966,192.9808223,25.08080311,67.7594413,,Moderate
0.499310064,13.26830788,,74.51921604,73.75290215,89.41817653,36.857541,39.2914648,8.689113845,Moderate
0.481586677,18.98415544,15.61911582,71.86835399,33.46267384,169.7300368,26.5798608,70.96773199,8.950147309,Moderate
0.256572534,45.41814884,34.53600657,,16.68923375,150.63467,35.15782653,,4.820435494,Moderate
1.316238676,15.34384615,31.07917015,75.42172759,56.79288843,120.3569928,17.26468373,40.76554463,8.486067702,Moderate
0.650437217,21.87716625,22.7597352,38.48642143,8.271854197,195.2712725,37.09700392,33.96338577,5.461453091,Moderate
1.994373653,19.40123673,25.17781111,49.72861577,81.65520758,,13.29578113,30.27078933,5.052386741,Poor
1.394608098,58.16972171,29.1325974,44.66767107,66.69832059,162.7138984,18.07347175,,8.02706935,Poor
0.381400402,25.80780525,19.55499472,41.46828885,77.50844758,33.84757137,19.24447074,48.78408684,3.292484504,Moderate
0.873687432,21.36348136,31.91842879,58.3863659,129.4834359,141.4344418,29.79879914,40.02212019,3.177349553,Moderate
0.641628397,55.32187267,26.98089174,33.4697043,52.29468685,89.17951044,34.48781407,12.0419468,4.773243244,Moderate
1.401603929,16.38567418,28.55084535,63.1761797,28.82159227,54.12874862,40.91526696,53.74606393,2.48833383,Moderate
0.408930753,22.90667164,20.76810876,,49.43024016,144.7773338,27.65959841,43.76965211,5.087507232,Moderate
0.52687589,,16.38015185,45.36082085,84.84576659,133.2523384,33.46079998,,7.318874695,Moderate
0.453663605,14.57434187,27.68284277,38.26422451,98.99385298,66.55844845,19.76821305,31.3332639,4.930994524,Moderate
1.473029542,,17.55733602,31.18538768,62.07715044,110.0008053,3.430780859,47.3954287,9.5106671,Moderate
1.643954565,53.87304313,17.52529483,30.09960676,13.90971207,,10.72071112,22.7265926,5.681626629,Moderate
1.669878991,40.69667924,15.89822598,61.77071784,87.49854508,187.4693735,24.08573181,61.07748896,,Poor
1.698396753,48.41367069,18.68449678,45.05230389,83.93000871,118.1724079,34.5241843,47.8427696,4.152451336,Poor
0.687498052,39.61751643,24.08003242,62.43194784,141.5137644,133.2349517,17.49254972,54.95947145,7.512226304,Poor
1.409406938,38.0742294,19.6994681,43.5321971,20.39325126,154.9173679,22.24936358,41.63083313,9.486214403,Moderate
1.104896702,44.01138896,,51.42289519,57.67202599,107.3090697,10.07871479,78.32548327,5.60320786,Moderate
1.307013008,14.00574232,15.23413221,50.5595759,63.39722529,39.65758775,,,4.903513325,Moderate
0.632262114,21.73210409,15.38655262,53.54801262,,125.1517383,46.79137696,18.53224485,7.268564651,Moderate
1.87287678,16.53551884,32.07569843,52.95620116,20.93015149,87.03710924,42.59912189,65.60689576,3.964181718,Moderate
1.496065766,49.93570958,26.82260607,64.40227785,5.136795214,148.1994085,29.16533506,70.71482474,6.068139345,Moderate
1.910111541,42.56164885,32.66929526,,14.05254246,34.54531391,13.90769316,16.14023492,4.617567322,Moderate
1.739829051,48.67365628,22.71023809,47.74623304,66.84246335,93.97552465,,62.30572516,4.519830197,Poor
1.671398411,42.12825998,33.12174121,70.91902124,58.18575649,,14.87999542,27.62702914,3.271724317,Moderate
0.698379767,56.52976073,,51.69219614,,58.10850841,45.80920867,,8.316355649,Moderate
0.441946418,22.06007288,34.20271209,76.92410791,49.61346797,129.0137884,39.03811275,58.52185522,7.445480844,Moderate
0.840974107,17.60124266,17.94606089,64.6005628,95.68785027,90.17146273,27.9729778,68.75856263,9.302490067,Moderate
1.839668932,40.54904944,15.93703817,47.02057781,118.8342686,131.6675296,37.75530873,38.7365949,6.742029117,Poor
,27.30498633,29.94888813,49.97593923,120.4838814,52.78744657,18.06647154,24.02378748,4.134075757,Moderate
1.885078593,45.70434661,33.04906615,72.90116355,105.3473302,108.2645758,20.21546015,23.15325122,5.834523894,Poor
1.517589095,56.95338493,18.15909646,65.27304151,23.20471954,143.975757,25.80753689,44.74065879,6.24999619,Moderate
1.542880783,57.7761848,16.00452023,48.72741217,71.83025904,,10.71098865,17.23764556,8.749079392,Moderate
0.432486947,45.87988828,29.05081003,,95.0929405,54.11478273,,38.0108691,3.820324658,Moderate
0.446394134,57.83073105,23.45457274,30.68412074,99.05902824,60.0368841,34.42169467,53.23862103,7.771622083,POOR
1.271693031,49.18958922,33.65849725,38.06836792,80.30034043,176.7636359,32.03722015,14.61245155,3.768895786,Poor
1.585988396,27.29674963,18.08919494,70.22070298,75.78576292,35.79345003,8.52258649,,9.665834446,Moderate
1.822084419,16.09430467,,,62.00266074,141.2941632,44.11311245,41.89625751,7.207313814,Poor
1.011510869,52.09992764,21.08397439,32.53112361,31.36355966,171.6552253,,38.16062747,8.127158846,Moderate
1.987336633,22.83882839,27.80952084,43.16236733,,134.0343557,16.50111166,69.97109626,2.012537199,Poor
1.237319048,53.06849982,15.0002327,78.7345298,128.909372,114.1024595,48.07413627,17.22027326,6.393642097,Poor
1.432516111,21.4039886,,31.52318432,65.19611983,183.386283,23.36279382,44.69577446,6.460476218,Moderate
1.819234232,14.2396008,22.14242319,71.22357588,141.4438868,,21.0037639,73.37252799,4.699424742,Poor
0.518618872,23.1556285,17.5110043,45.69390383,136.867278,,4.77587181,52.21097044,7.524192447,Moderate
1.680567037,30.55142349,20.52339116,55.52903787,33.37833281,94.57640544,23.03695982,26.19440992,6.658492483,Moderate
0.906039281,59.70696806,17.73201807,46.99859319,129.3419381,37.26995766,21.46343659,57.6408165,6.32722964,Moderate
1.905047439,43.41063993,24.75255619,62.23726243,,72.25057664,49.74452006,10.05018011,7.592091662,Poor
0.46759291,37.75424747,30.18010565,54.62676904,95.39003706,52.92115807,46.87887775,36.44577767,5.432696686,Moderate
1.939978674,15.22839202,22.23839982,,120.8779058,179.465113,26.63082177,10.82459134,,Poor
1.467343583,54.00395438,24.44563608,30.5142248,75.068651,45.809625,6.379615714,71.64554042,3.381374007,Moderate
1.778178146,48.46115739,30.17552508,47.29030492,108.6931279,116.1793701,26.38560592,26.95284119,2.549748407,Poor
1.187720821,23.44967022,25.14823877,,,,5.459644293,61.48644941,4.763184398,POOR
1.439124314,15.70478924,23.16303382,66.43890272,103.1094989,134.179408,28.60943924,75.86760515,9.212365488,Poor
1.369935075,49.48492536,30.7797032,61.23070241,56.88263115,,15.7221294,40.83041995,7.389397661,Moderate
1.651810066,52.49876857,20.17423284,42.72406658,146.6095574,89.06102566,4.90752847,23.81197794,2.504208834,Poor
1.301097343,35.7408677,34.11837658,56.79675394,137.3910127,196.7592774,35.5652861,77.52833352,2.932700522,Poor
0.938689261,17.93025526,20.60074659,64.60368235,74.14163727,46.29495036,18.46646763,52.54339381,1.003692605,Moderate
0.449888911,36.99785651,25.61875357,75.21798875,20.48610208,92.21584423,24.64737988,35.44601202,3.269637836,Moderate
1.859373623,18.69476246,19.79748226,71.89541874,100.4248216,114.0753575,48.51569913,25.17699932,2.274502156,Poor
1.653392279,40.84634592,29.07371955,,89.19355776,86.13542554,49.45341664,67.25329238,5.070911299,Poor
1.232188199,42.89226523,25.20864978,,20.80697427,122.0699481,41.71598971,59.93252107,4.116394457,Moderate
1.613316731,31.38865669,28.35839998,39.28233525,110.8821491,57.08409668,,15.50883726,3.783413003,Moderate
0.209939811,53.10638086,18.49762874,34.17771688,26.95768558,89.91918866,46.96958207,37.32635122,4.992397312,Moderate
1.564122999,29.55407683,31.53414719,58.63036164,33.80346365,82.02429565,9.504686541,47.09129379,7.689996222,Moderate
0.665803967,21.53349059,24.42335798,47.72124744,64.78056054,158.2798366,22.63230265,29.47520309,2.616933601,Moderate
0.781321651,31.08604634,19.35785109,64.54419883,8.472208464,151.1452752,28.23237989,56.85697966,5.528972865,Moderate
0.703881015,34.61389282,24.17046018,64.98197848,,134.5673377,,46.94684758,,Moderate
0.23828494,29.79852363,24.08690846,60.85529722,73.89071292,72.62977532,47.21007996,76.97849673,3.868275316,Moderate
0.347166258,34.84817415,22.4347859,44.39726713,79.2081662,93.19702464,13.12188629,42.7922866,1.47048735,Moderate
0.894984748,56.83028461,19.02624216,76.89826157,135.120929,0,38.56909348,76.78921491,8.236983215,Poor
1.19977707,,18.33906177,41.84666625,139.6771543,34.87835224,46.17051193,72.14723482,7.008415422,Poor
1.638938718,35.78397138,,,128.8217179,110.8328395,48.95912359,32.04532592,,Poor
1.129340627,55.0350932,22.29187456,55.01797231,111.5182036,35.81307915,,60.14277404,,GOOD
0.317641413,51.10515803,25.42898048,64.6711064,10.56812721,193.8192925,33.74908166,51.65324414,1.008152517,Moderate
1.113698682,48.46524468,26.39079559,53.77980959,93.42285042,18.63552431,,12.86847556,5.390889454,Moderate
1.271140275,,,,133.3596374,,17.16844076,,,POOR
0.27096826,32.96199388,16.82782973,48.99895395,114.6478739,195.330615,20.04141099,41.73594239,1.993548108,Moderate
,40.39525464,16.53724151,76.35618909,32.4333899,136.4640999,49.96274305,27.98666097,6.168641857,Moderate
1.157804273,51.12402818,34.15579602,71.32755371,,199.1943577,9.051458556,25.38059251,8.499468745,Moderate
0.489454493,39.0985701,21.90446286,62.97553843,,191.613276,35.10925147,66.74226938,8.897403176,Poor
1.810194008,23.6535405,28.70887766,59.71209137,13.15252275,25.08421632,9.183569412,14.87521074,6.546018264,Moderate
1.692047853,48.60062382,31.76983668,45.28719787,91.68216194,51.06441226,29.9541129,,8.458004292,Poor
1.551106553,20.09267261,26.77463044,63.69971041,102.3977846,18.23716959,28.54376814,56.56909854,1.789956227,Moderate
0.335248007,58.60026648,26.75171742,61.68557999,140.632201,47.28221998,32.25982162,40.22635706,4.383445379,Moderate
0.364316018,42.94427351,,52.97920286,59.61808386,131.2442167,45.45386025,23.75089207,2.106200643,Moderate
0.899619121,50.79165625,,38.01827031,21.69619587,77.12602746,6.050266138,39.6929539,9.659673185,Moderate
1.357918793,15.59598097,,33.35082689,46.64707533,139.0915297,23.76712428,,7.04231208,Moderate
,193.0898746,22.98070635,34.72094488,115.9708634,115.6633104,7.988110908,22.58584694,3.11866524,Moderate
1.569413088,43.90080763,28.41464624,57.04525019,87.04833125,31.89526085,38.25755915,19.39416984,5.217864733,Moderate
1.541791054,35.30709314,21.90384417,79.17836033,54.67570701,84.52692552,3.333537027,74.58006834,3.835074477,Moderate
1.903007832,30.63109204,24.92517506,41.4996877,6.740438955,139.331008,14.36293185,61.33812945,3.602604285,Moderate
0.946675104,11.1819293,16.78579049,,137.675223,130.9493695,12.27040531,55.76445461,6.3424949,Moderate
0.941313645,34.41205685,,42.76681869,33.34141005,157.7896665,12.00150214,21.88309487,5.149302113,Moderate
0.83603401,34.17728234,30.50692301,37.7246102,132.5876209,142.9788632,16.42224196,53.01787128,2.260403309,Poor
0.780236921,57.97883222,30.14620414,47.73331025,145.0456864,72.14977873,28.07705838,33.54189093,2.302395725,Moderate
1.13405187,32.48699212,27.07274401,136.8562036,31.68649195,62.83309377,5.373851129,22.50402137,8.519375401,Moderate
0.356456519,58.29110806,22.76331412,44.81788068,147.2823487,131.8357101,38.37817548,60.41875468,8.371965936,Poor
0.346427805,32.43468113,30.37845564,39.82096079,122.732204,134.4966602,47.1070391,50.69974264,1.442426713,Moderate
0.647280452,23.25232142,34.00918341,30.31895217,47.32712016,196.1052608,34.82340788,,7.922528826,Moderate
1.21671404,26.34658082,20.48143179,63.98486084,85.93482166,51.25633417,17.77840297,31.3789449,7.97372562,Moderate
,49.2825809,16.03671598,79.59813736,145.1097732,169.6745966,40.34915594,65.54761816,4.162203412,Poor
1.663221816,21.59735481,27.65423757,67.53848246,22.45271855,135.6720059,46.78258713,,4.543472527,Moderate
0.353625437,12.00545957,27.73804635,,65.76942357,40.09737142,,51.42655354,6.160614633,Good
0.916140078,59.83484269,18.3149956,54.10660495,105.9315799,139.5826498,41.91247286,25.93427751,7.869566712,Good
1.864448513,,24.4498671,38.4940503,88.2105482,140.221371,32.2610437,25.72076679,8.965137921,Poor
1.256314012,25.59080665,-2.00510266,70.93701147,117.4090081,38.93541414,23.99829147,16.70279391,1.367065121,Moderate
1.10272933,26.84478959,20.50762349,60.97631,75.15136828,21.3597188,36.21976902,55.54245663,3.929530043,Moderate
0.721552615,51.29083753,30.07923807,40.21581917,45.17504121,126.6004032,5.24572414,43.56184847,2.669733777,Moderate
1.105645265,18.3520954,20.40495384,44.32597745,140.2491762,64.60649748,7.172343547,79.76782946,6.48737376,Moderate
1.590173105,54.70954373,24.1539921,43.27482037,121.3482587,45.28985721,6.371561156,71.94487228,6.192632351,Poor
0.464732266,20.04668443,22.35571976,,5.086701131,132.900899,12.06346162,69.73425483,,Moderate
1.624842279,38.35081305,28.85064863,45.69377484,129.2984859,172.4077601,241.9661394,45.27221578,,Poor
1.629245341,48.73267656,25.11915815,54.20102863,113.5996569,193.0325406,8.62809906,52.30665034,2.135222077,Poor
1.032562489,14.04596415,16.31389718,71.04905086,105.2307662,175.3971473,21.94282162,74.52086686,6.078709582,Poor
1.98209693,54.7408328,23.4406852,36.50403349,80.34369299,186.6329606,18.20565685,22.5188748,4.708842487,Poor
0.352707885,21.87720654,28.17081031,77.57224128,142.1337068,58.08264204,11.04104044,48.42527671,6.161496264,Moderate
1.409061232,15.20548247,27.88298443,41.72128,149.1778939,184.4256544,,40.90738073,9.363348777,Poor
1.453971483,54.34624501,23.50456371,38.15095569,123.2830802,165.7056354,14.12175718,32.46548068,7.106926073,Poor
1.465434126,13.39185296,18.70660359,70.17688297,135.848475,193.8891752,8.392872042,77.29923045,8.988067646,Poor
1.15871108,56.13785953,-7.095373955,58.84286906,59.71766064,119.6825807,17.91118119,64.87667627,1.967078948,Moderate
1.645136207,50.88926649,21.50590268,78.69002067,101.7044799,190.6170168,45.65076929,,1.837273373,Poor
1.956533743,53.6711619,27.11558499,,46.41576834,146.4150276,8.48715143,62.73190523,5.539789357,Poor
1.110599622,31.97024948,30.42245632,34.20638311,,94.09524324,35.3961281,55.13992304,9.404729162,Moderate
0.473424848,56.3500484,23.08579495,58.89455563,52.8726128,131.5534559,26.96929873,43.27513474,6.289250226,Moderate
0.283610743,57.4980592,23.54979376,64.25671549,32.54073979,78.45994183,5.477360123,16.24555176,2.17291552,Good
1.703544492,21.03848064,27.62615106,63.08421442,101.6456866,86.46322545,5.601911396,67.44035075,5.878300106,Poor
1.934515959,41.82151248,26.87321582,42.45043681,53.45794356,120.3214221,9.788514755,79.81960573,7.467433666,Poor
0.853548134,20.80190913,32.80282275,47.37593977,141.0193002,158.9272197,34.83313226,,3.055200528,Moderate
,10.95961384,16.46163124,78.55754537,26.33867141,77.62377269,34.35073228,59.52659733,3.60043315,Moderate
1.043589156,,20.99131356,44.28537838,84.59189659,34.14288677,29.89881372,69.81980648,1.580416124,Moderate
1.356354701,33.73154379,17.78393403,61.13152668,86.86564265,125.5712321,22.64451988,12.17398132,8.691557168,Moderate
1.857570321,52.57124789,20.99601055,44.99710349,140.54535,96.89833486,11.11959396,12.16794224,1.668221734,Poor
1.900578314,16.82198763,28.32770827,58.28907774,22.27539744,,10.35687303,67.5853549,6.791969107,Moderate
1.17685295,39.00431039,34.58209876,35.87756501,69.09484604,98.77258898,30.36080573,48.03840965,3.27396702,Moderate
1.87315246,26.23379634,30.43253822,47.74488417,137.8909269,181.0434804,43.68531671,11.03992858,5.280895278,Poor
0.815271233,31.06240266,15.24313543,32.00694295,19.42672699,148.8161062,22.11191676,78.67206424,7.585984855,Moderate
0.505086944,45.45302597,29.47946111,67.4091956,130.6313616,72.39352749,38.7672812,32.41268172,4.343170054,moderate
0.495678436,11.92131745,24.61780293,55.12136436,66.44666739,134.3527654,34.3353162,31.96475003,3.201546466,Moderate
0.877267254,28.98928901,23.14212978,48.60866276,131.5912563,197.0565508,49.66311019,26.3506304,4.951263196,Poor
1.222955486,53.00611986,29.28065289,59.7651633,143.7244629,72.87432654,12.95451304,47.96099829,2.619996549,Poor
,35.88558217,,73.95928863,45.68711792,197.6631674,14.76686029,57.25909201,8.280799747,Poor
1.262530897,15.91680955,25.9771733,44.70337311,145.6607962,43.63541645,,15.9919687,3.38379632,Moderate
1.19343231,21.33282011,22.39626512,,102.9600822,65.2677558,45.69527504,28.83838268,1.047917715,Moderate
1.024855203,23.48748058,27.46811916,78.76715667,132.5640983,166.9329928,19.29578178,26.59492738,5.708423348,Moderate
0.510175768,51.30338151,21.23727716,50.55987444,118.5584075,151.1665491,3.171846633,61.02093566,9.799415315,Moderate
1.674384172,22.54833307,20.06203078,57.82892143,44.95718256,180.3850156,42.59581302,64.95503031,5.942296137,Poor
1.73541702,45.32378632,15.20262368,58.83511994,110.9762001,131.8686474,23.77711202,29.67517198,2.923630192,Poor
,17.62080067,23.2728535,67.55885685,136.2683549,91.02437218,19.83629494,50.96826129,9.483487391,Moderate
0.958564191,59.91737557,26.43491966,68.97583507,50.7523112,49.6591564,46.89740867,38.89875784,7.732312654,Moderate
0.557688227,57.78257491,16.39282296,38.06814005,143.4120597,66.61653371,18.9032897,58.30527479,3.537431959,Moderate
1.587740924,23.35141351,17.21978938,65.10730481,62.4653307,192.738066,49.56020865,,2.6724885,Poor
1.907993967,53.95591538,25.54799244,,137.1441826,179.860917,26.90918126,49.28051487,8.761907171,Poor
0.429644545,,20.81009011,78.48618164,32.84233229,130.2464982,19.91177033,35.46078648,9.555345693,Good
0.374917689,,17.84274248,32.01754134,84.54532018,100.8373022,47.89323254,24.7845781,,Moderate
1.291572307,44.27826436,33.63507439,39.39601904,148.4782733,145.2458187,6.984009258,54.14120881,5.063923205,Poor
-0.299306903,10.37814375,20.90580988,34.35086092,107.8613792,70.79357093,45.57056916,46.1162115,7.257066902,Moderate
1.811372308,58.78051004,,46.33973529,112.2230388,130.9584866,7.395445809,24.77046842,7.391888635,Poor
1.454126898,35.77980143,32.54181162,69.91465986,48.99090383,122.7504892,13.95981506,19.87882828,8.721002667,Moderate
0.333280373,30.42266065,27.8576382,47.71356636,54.02223936,43.58635355,41.89768228,31.6742267,6.85083206,Moderate
,44.16293818,28.06325581,49.55164346,85.09308998,193.8133113,24.60189333,11.61329619,7.485277774,Moderate
0.327023745,43.19022638,26.60935202,74.86829329,71.48519152,22.36246856,14.25038231,13.44125804,,Good
0.795616445,14.0523108,15.66378709,42.26761571,35.28048565,31.08889875,4.308529409,23.54130596,9.350123314,Good
0.41072063,31.77916574,34.95641711,54.62845354,79.03270927,47.53970243,40.94129752,46.27528209,3.359016748,Moderate
1.598864449,35.95408926,21.97641068,37.06117717,12.77704477,69.54118909,16.50791909,12.64740956,9.28102432,Moderate
1.020182155,45.45231309,31.45069589,41.90733268,58.5247481,179.8301687,41.81674664,49.78234058,3.452204656,Poor
0.71079663,42.04131573,24.39976536,51.56169349,26.1730478,97.67172611,28.41598467,62.95770084,8.732173238,Moderate
0.241889484,57.59058927,30.81019589,67.96462535,35.40509023,78.34309781,14.90045468,39.7200825,3.075747762,Moderate
1.196937712,25.36449825,27.06986192,73.53345171,144.4054098,33.05785705,24.31056284,33.51623074,3.997068697,Moderate
0.917308522,26.85015882,23.80882701,62.95227051,63.04536125,81.61108186,15.58041655,75.51959253,5.648918594,Moderate
0.480790137,27.53559077,21.33523354,62.46611623,74.38120517,103.9035891,23.82698523,63.23252244,2.883589854,Moderate
0.990148557,55.61816728,28.76548472,43.76441067,30.28934373,78.07796512,43.86843494,12.68530884,8.253731158,Moderate
0.339922347,37.51132711,24.93390846,51.49926071,78.62488654,196.2917578,17.70369752,44.58081694,6.207268137,Moderate
1.833619653,40.93056891,29.79808242,46.86032878,125.1236073,,5.808826886,70.99335146,2.380283447,Poor
0.969573833,42.92259173,32.29127219,50.59790475,26.95960068,62.66191977,18.48792945,27.92148211,6.000554392,Moderate
,,23.57404042,57.85202566,112.8662522,114.4525105,21.02361276,35.88164676,7.388242419,Moderate
0.320737659,37.71132571,31.5501264,58.59979391,33.64560632,80.21790964,39.18876006,23.39024097,1.381010433,Moderate
1.704764217,46.65565112,25.10910236,38.96780051,84.82709369,187.1743673,7.786821462,35.02593299,9.002074202,Poor
1.631335151,23.84138986,34.76071932,64.85679029,89.80003264,65.89329309,47.01880025,43.38943408,1.610167562,Moderate
1.397066014,22.34893995,24.66079395,51.31991784,34.2602675,89.46737577,45.97400081,28.13246009,4.12964052,Moderate
0.808391282,,32.15124675,79.53395785,73.40227644,462.0475723,47.2695626,52.2255495,8.273413441,Moderate
1.454628334,36.32013305,17.4600659,45.63889946,24.28642084,,35.75961165,32.43753168,7.363280524,Moderate
1.158660979,36.76550657,30.85190233,50.88334979,5.876821262,42.12253557,4.823574372,18.91183151,6.187649963,Good
1.00534226,53.10072411,30.70379086,35.22272591,429.6235846,104.8888371,25.3330307,64.74012779,7.476025719,Moderate
0.538618088,22.82813919,25.40339785,53.31497065,80.47885641,198.4505034,17.89491165,42.52826279,5.444623133,Moderate
1.846722622,10.46658099,30.61263435,34.76804606,94.49316293,155.5112275,43.74219501,26.86973806,1.169927907,Poor
1.52846051,34.37855968,34.02846442,58.84406007,37.73948506,24.47649483,23.89055896,45.5977224,7.18091016,Moderate
0.913777008,38.11484079,29.26413767,76.77422568,39.03939115,146.087956,32.14006267,22.49154719,3.474812728,Moderate
1.806606197,10.31929359,32.45507679,61.42132283,63.78630965,157.8481251,38.81091566,52.99181952,5.115849489,Poor
,54.60423445,27.68727378,37.84063527,91.62724017,163.9470536,48.10083094,61.29063908,6.916998945,Poor
0.730008006,,,33.3627957,,110.9683517,,56.76136168,2.772582672,Moderate
1.45234764,40.51668917,32.77318161,37.60242837,41.07480937,80.50194404,25.64930785,38.94260367,4.986226882,Moderate
0.264696093,42.51628432,26.64397493,49.46152358,112.6293519,34.29792116,22.28427493,13.06927967,6.269373445,Moderate
0.789495234,17.31869961,17.81605898,66.94333386,11.2495158,50.57841797,5.207327853,32.03888088,3.311484171,Good
1.47453064,41.37527316,34.67042945,44.61915552,13.26890253,177.3836399,41.01357389,71.27542679,4.41963957,Poor
1.551567922,57.23071097,34.61478687,45.12097556,63.77217729,130.7452339,41.01635133,31.18482384,2.138907801,Poor
,16.56224388,19.38137618,43.54713492,48.00880991,79.34713428,20.47632887,64.56721773,5.766800743,Moderate
1.39436727,30.07471579,27.03107759,40.55629713,90.79896049,158.5350371,9.230981642,37.64931894,7.259396133,Moderate
1.321936628,34.79378675,19.25288753,60.38763415,111.4830231,73.54456921,27.91245994,,3.231392048,Moderate
1.931910587,19.78889928,23.05746565,48.36953643,125.2865938,140.2117081,40.26348213,26.09428596,1.114808317,Poor
,,30.63647727,68.76220259,10.16058347,193.6079974,8.694306679,66.11498129,8.772193028,Moderate
1.757912827,40.76097191,19.18370931,41.06193482,124.4796595,180.1067824,4.824208547,66.42677236,,Poor
0.518799223,13.92892486,23.3789558,63.34236957,39.89722464,184.2932141,31.52773646,,6.438335644,Moderate
1.23585352,53.41356403,23.03557601,33.11970343,149.5576655,99.97118232,16.92030798,68.85495504,5.426883635,Poor
1.445411356,49.87795503,32.48445049,43.59730197,5.607179326,59.70690035,39.79388505,56.46541368,9.1991413,Moderate
1.250105231,16.40478732,25.13840876,,110.5768834,147.0271524,33.73772841,37.73731428,7.55623851,Moderate
0.576828782,53.89871602,30.66396827,75.12065166,46.90043611,58.79328803,5.277818926,54.59332875,8.843911126,Moderate
0.301475894,40.3547018,24.87628081,70.07228881,112.6323736,167.2556613,34.77637261,,2.111172164,Moderate
0.907575904,59.33312966,15.0313021,,19.06002229,143.2748446,42.25647083,60.00712934,8.761014248,Moderate
1.237729656,46.47541143,25.37401989,32.24984106,140.2221728,41.94129964,23.40029682,45.72749049,5.14872633,Poor
1.12518108,33.26028061,27.89665208,47.16933511,6.012427973,170.9449143,26.64441221,55.3485927,2.048009717,Moderate
0.35030129,53.16668248,16.32019688,63.08336298,29.48447719,69.066057,22.17102913,28.4431412,1.403929148,Moderate
1.359199178,40.97946687,,63.61919216,75.32760819,15.72489937,20.78233634,16.83331324,6.97334031,Moderate
0.896123623,23.71076012,25.12532119,55.90040332,126.6762582,59.69623614,8.50202741,48.33312705,2.555380463,Moderate
1.89967968,53.97909275,29.6546695,73.68092644,62.99753765,124.3102595,6.196480902,50.65159979,9.541716429,Poor
1.018173917,,25.06167902,52.91617973,141.5984418,136.326842,26.64727707,24.43419011,1.307580301,Poor
1.556080733,33.17470219,23.15086062,,41.58563674,90.01226012,6.481520639,21.51677607,6.914778955,Moderate
1.291114342,59.56279969,17.10729845,56.23678188,21.03752184,137.6290607,10.84665841,45.24990521,4.510594592,Moderate
1.982909256,58.49560231,20.71567111,40.52534698,88.38378315,120.9625012,40.13617457,52.26286007,9.062308913,Poor
1.584177347,59.38927601,29.26092101,138.2143616,,,45.49334204,17.32624437,6.485007676,Moderate
0.598176995,13.11365529,27.75376494,55.72306639,142.4144957,37.28913715,48.44268086,66.88851304,2.416406634,Moderate
1.759117062,-0.225227196,33.1228651,33.20031733,83.49929103,116.6976922,20.26500422,76.20423019,3.173556042,Poor
0.635699489,48.52037089,-2.693200419,47.52602671,92.73798019,180.6778121,,76.24650574,7.115966529,Poor
1.254396046,50.28350765,27.52468643,53.25047588,103.4646577,179.8039474,18.06667654,63.34229047,3.948096645,Poor
0.82220111,41.1792844,,32.78027608,48.15929025,18.08423686,21.02766738,21.47441834,5.289111492,Moderate
0.861888446,11.98094127,21.18745436,63.09844724,110.6551612,,11.78464293,62.24196688,8.635759538,Moderate
0.645915781,,32.76807345,50.09435999,31.21384683,96.23917225,35.87780991,13.74042217,3.556937343,Moderate
1.58508728,28.38796754,34.02859621,76.68747115,8.675547618,59.21457084,10.39646442,34.2528501,3.032932716,Moderate
1.851164436,13.3834181,34.54013909,35.17170574,112.0891777,45.85565701,10.450451,,1.083272702,Moderate
1.816497721,11.76556775,24.23432288,37.69499523,17.32011203,182.5936592,44.84037152,36.407639,3.73739729,Moderate
1.55924706,21.6856041,19.23988109,44.08080211,71.80637204,131.4914651,45.75057467,37.63427217,6.482758523,Poor
0.866849785,53.40283451,30.60752247,47.19788433,59.67282,131.1856359,12.88298036,21.31463856,5.364930561,Moderate
1.97517934,41.65756878,17.67656726,,147.4972334,142.0355432,27.7604068,10.95478921,,Poor
1.034657129,58.14634376,17.85751923,68.02878212,68.8964081,45.26899777,24.96720477,67.45150886,1.087303194,Moderate
0.39290962,16.62623364,33.85448638,70.04903502,84.32157511,103.8339503,47.53831195,40.70701878,5.088436519,Moderate
1.947904841,53.89150391,24.17881033,56.59358833,56.445607,116.6411889,36.03472287,62.04809887,4.614878132,Poor
1.809006649,18.70546677,15.72037637,58.65211003,32.0308717,130.9640873,45.281787,61.96171719,6.935410523,Poor
0.273563509,45.43723489,30.45842964,74.22934441,97.06146558,108.6182681,22.82338937,29.52103484,9.387497257,Moderate
1.964058636,27.37857621,,78.40381907,32.13301921,102.7887091,12.67670361,63.84753915,6.838255383,Moderate
1.272149733,52.21785414,27.81230367,60.59155101,85.32902205,190.2232932,40.8775746,27.99829528,5.749949882,Poor
1.635131658,42.19521268,30.60731006,79.51661519,41.56506724,31.78336331,26.67351278,29.83075696,3.465233836,Moderate
1.666234496,55.08809961,28.24868023,66.57431799,54.60922702,18.13928892,16.36154959,19.92910783,7.715178804,Moderate
1.164394431,49.74047744,23.86760029,30.41818409,80.89319878,24.55661107,15.59821781,17.90007013,8.936693207,Moderate
1.805683799,,27.7280274,34.41924735,30.95958743,156.7554125,20.17224155,74.16501719,3.551150343,Poor
,29.80863458,29.80952264,52.69949556,52.67927959,107.6146135,47.35738366,33.93541455,5.527614904,Moderate
1.860498886,42.29054063,15.75142181,41.69064165,91.61029486,188.1901627,44.81820254,27.65769837,6.135052642,Poor
1.373530267,25.51809795,24.87093161,64.61794612,102.2129784,27.58690311,42.73900811,0,9.93847365,Moderate
,14.03007569,20.52638217,32.99716504,59.66299426,163.49902,25.25144188,69.31077219,2.901366252,Moderate
0.408564307,22.98768919,25.25309506,41.11806524,,109.4351243,44.82231052,56.6049081,9.605990563,Moderate
0.292661752,47.48259159,26.97957016,48.77344642,124.7601847,87.97868731,5.98926751,24.89950602,,Moderate
1.173143219,31.93077096,23.1925779,63.87658069,46.78675626,189.4518151,20.20332849,15.12719229,3.9068086,Moderate
0.628729006,51.25247051,25.09591197,69.6909052,13.98224519,187.6406897,20.85644168,,,Moderate
0.403828483,46.42453386,21.07885025,31.96959168,67.40024719,168.9091852,22.54794175,64.83030647,6.247167827,Moderate
0.251808817,50.01782539,32.00696002,43.87323399,117.8167144,196.5559168,15.93393995,65.72479678,8.663360044,Poor
0.303605768,26.35165808,31.08874415,74.47596555,142.0284894,192.2246473,31.01500476,33.39507361,8.906776743,Moderate
1.836776724,35.63442555,21.28700226,46.3371271,70.8566311,19.04164172,41.75230228,47.5604733,4.745953279,Moderate
1.993946307,39.72381676,15.08726539,68.63857098,109.9842324,125.2680652,27.04170512,48.47356108,2.5419209,Poor
0.807707309,56.60140528,32.04527749,74.12799384,98.37370402,16.68110147,27.21403463,44.74259399,8.086139636,Moderate
0.852309018,22.33394323,26.67545561,52.50293197,145.6237354,53.10781407,32.43418591,75.52879001,1.904773228,Moderate
0.341221486,20.53310945,17.81105935,37.81032843,,199.5693687,38.91249257,53.50250959,3.605480786,Moderate
1.829687558,20.78375762,31.93937708,34.11361621,143.6623228,193.105528,34.08891165,72.4274148,1.364582556,Poor
1.715814062,53.13985388,33.19886288,35.57965,65.71079578,,48.39121086,72.44520458,8.452389572,Poor
0.642723911,12.88902805,25.59319448,47.96043735,56.61387715,197.1465408,42.60006157,43.12492308,3.280582968,Moderate
1.043647688,14.78572778,34.28156833,44.05248751,5.032920542,84.43444897,41.12191462,48.05169024,6.348985605,Moderate
0.92137351,32.43053155,32.13074447,62.07522406,111.8842,64.90235619,36.4227254,36.56229664,8.296486057,Moderate
1.167312085,46.64007724,,43.57460013,139.8739544,71.81123252,22.27111798,54.66649081,9.095077761,Poor
0.874172214,53.73508363,33.30180137,61.51236097,128.2441029,86.4194231,39.79740987,33.05248942,5.491325556,Poor
0.898705867,,34.87696778,46.7639525,109.4228318,29.23929886,29.89733928,12.33985732,,Moderate
1.332097124,34.44232901,33.88084188,46.3126959,118.3741824,49.51916792,43.6269404,10.05526578,3.779748093,Moderate
0.9361153,45.79124823,-3.348074283,52.75859959,80.59966811,143.8874628,12.38447769,54.99614351,5.728887985,Moderate
0.915117123,48.73168903,23.38895988,43.29642253,107.5554422,33.35896801,6.498135667,55.84587732,1.684899901,Moderate
1.05358559,53.52892125,27.13463449,79.77844502,13.32181733,135.7547029,12.10808911,37.16931567,7.994673185,Moderate
1.189151988,43.37966928,20.57519745,48.57336313,103.9683694,21.1833609,7.213654868,,,Moderate
0.791752899,49.77249804,22.58188097,55.07589802,47.24735556,94.93244774,24.8778877,33.60414246,5.980849307,Moderate
1.863913152,20.24406371,16.25052591,52.20517785,29.36290757,27.14082631,25.6707418,37.78225752,6.246986317,Moderate
0.526583783,39.9112647,20.00935798,71.16366063,87.78152279,24.30974259,27.36478245,10.74690889,8.618810438,Moderate
1.121767505,31.61674005,24.75334137,68.32575248,12.41677981,195.3572905,33.43343039,49.2244072,3.581801875,Moderate
0.96879402,,,71.06941815,142.827259,161.8926733,10.37442333,44.80170965,1.202538947,Poor
0.281803485,19.05746748,16.43551612,76.03698252,25.19184026,131.3157928,47.11980719,,7.523837682,Moderate
0.87763406,43.37749496,22.20467838,71.95901975,91.42726679,61.77491913,14.07159893,23.56019355,5.626726261,Moderate
1.029401782,56.84789115,31.14311075,39.53049165,83.97147631,156.0368245,5.460317386,47.08663399,4.065183437,Moderate
0.64352366,21.2658465,26.65852114,63.25279945,141.03627,175.3619749,47.57598231,42.38334904,5.159264259,Poor
0.415269643,51.2340483,20.20573715,50.78875518,83.34043951,164.9764605,7.142685439,54.74840182,8.292729692,Moderate
1.720188917,32.56196721,16.62298357,70.62369105,133.2297971,82.44478909,,25.87859716,8.597886272,Poor
0.404252338,21.49773029,22.23706186,67.11265936,15.31757344,31.38699283,25.67717384,18.34901704,7.91578964,Good
1.182110221,,26.38754722,70.84869536,12.13703261,60.2611851,38.08325006,41.30910777,9.087750355,Moderate
1.120416318,58.79326279,28.45933245,71.85598139,102.0367593,112.8108542,6.660312487,45.9404148,1.540658515,Moderate
0.260358383,14.10858337,23.7322838,78.28736049,74.97717917,99.16702275,9.157687077,38.57662635,9.640106927,Good
1.274317128,,33.89472518,30.05560471,137.4183045,87.19413167,,42.52079351,3.681818152,Poor
1.976396486,16.47574606,21.50208031,66.62005245,141.3730732,122.2684716,,59.98833986,1.137383557,Poor
0.26722674,,18.33720403,56.38387331,105.7682023,135.1678613,17.17812536,33.28831258,6.924554051,Moderate
0.599794059,27.0936083,15.96285672,,24.16605037,108.333041,47.24010966,19.67718959,1.162288088,Moderate
0.293027098,53.35157481,21.81208333,52.73821713,91.89839662,63.10888745,28.07356981,15.05605438,9.351105669,Moderate
1.82748565,37.88917087,29.77194916,52.13990683,,186.8212329,30.16938879,17.96333712,6.142055756,Poor
-0.443058849,32.26526275,17.3227792,78.04600735,113.72969,,40.96807824,62.45207486,4.634299047,Poor
0.71271289,12.28710169,32.11392188,78.4032906,90.2600672,147.832623,30.97801153,70.2779464,4.582493566,Moderate
1.977097033,41.19296623,31.85423804,31.24858311,68.11303055,64.57949437,43.39663985,35.0488811,4.994052214,Poor
0.637709944,13.85291396,32.25280942,58.89035251,22.28551421,163.3377915,31.43834891,20.68607152,2.993509458,Moderate
1.093459245,22.82650312,18.09657225,44.79120487,83.0626498,159.4261838,38.64408426,70.49614216,8.886825729,GOOD
0.781765278,56.86142436,26.8644314,33.78498637,12.9119842,109.552357,29.42080343,57.50620657,3.915059973,Moderate
0.936940974,29.1916476,22.05917007,42.65131705,106.6255261,83.87681324,26.9283291,11.53905654,4.31062463,Moderate
0.845894871,42.96769611,22.95673251,74.30908861,75.91201807,41.46646125,23.94930158,57.81487026,7.989461558,Moderate
0.362521586,44.68411129,27.14179157,40.88336998,37.88203067,24.11948116,41.13889914,52.66274344,,Moderate
1.266346224,20.91269439,32.63855517,70.70628428,72.59633071,188.886009,24.93410832,51.21671891,3.777693837,Moderate
0.309940328,20.42552572,27.92917483,59.80409776,136.8343097,150.4605532,20.83018312,29.24269608,1.933972378,Moderate
1.339582623,52.23916141,25.33145257,37.8238358,11.6098479,191.361826,13.23189055,79.24516784,9.165188505,Poor
,,22.15628168,69.62974066,103.4785724,45.86698697,,49.2486137,4.362096574,Poor
,46.2989955,21.05861811,49.88422072,129.4005625,59.18635467,29.87918356,23.63556619,2.14749754,Excellent
0.382020817,10.28793302,-6.826450602,72.98973374,129.9056167,54.16715885,19.19604,10.91071494,5.603825748,Moderate
0.70146261,25.1564178,34.52027647,75.4587632,15.22766745,192.5529585,12.37986595,14.42838703,5.728244336,Moderate
1.263607298,23.66297635,25.24727555,68.64047866,31.7465624,74.33571273,39.01851019,13.94672977,3.469713685,Moderate
0.481074675,14.64953199,15.50386828,71.21752236,80.11151255,516.7224432,25.374665,48.59221735,4.025488047,Poor
1.932405131,,,33.3486806,,40.7982937,15.63649261,17.65491322,6.272669102,Moderate
0.607692395,57.18079601,28.04448519,59.18567939,62.68004893,91.05598214,48.54038667,61.00306098,3.417216439,Moderate
0.304550502,48.35941445,32.14358514,76.81403107,89.90674068,27.71947269,20.68095203,78.94503759,1.033476947,Moderate
1.2624152,15.73844359,31.79603213,71.57591666,139.7635052,151.9942614,26.16072326,42.74307617,7.542818842,Poor
1.777976485,13.47119214,30.35135257,77.35807315,129.9096245,84.98838733,3.911858544,13.09018935,4.052830881,Moderate
1.048837139,14.90412904,28.33200958,48.67289726,82.51108678,90.19560282,16.14467126,76.40578566,5.86026273,Moderate
1.847878936,18.23531767,19.96752521,45.74592223,38.10803159,71.06716582,23.8085886,53.28424149,5.748620112,Moderate
1.667830571,50.47580374,,30.95644832,74.22534747,199.7766931,45.87375585,39.10423607,2.539922306,Poor
1.323628393,10.60542376,22.17156923,72.23329545,127.5307491,42.6356027,25.89287958,50.93297658,5.897621043,Moderate
1.080964935,37.27159347,27.2658337,58.28724753,31.19534349,54.86063785,4.467037336,21.09753109,5.57565379,Moderate
1.361850133,11.66015544,17.42050001,31.94896603,148.9146199,127.791153,24.61727171,46.53036067,6.458610028,Poor
0.266396505,53.57684031,25.42891378,33.3282364,56.1999189,83.82806005,28.34210832,15.48367524,5.622700455,Moderate
0.527470635,39.65221671,26.24145589,74.78449721,53.76689217,197.988184,24.53790579,31.93573861,3.521207069,Moderate
,26.32306541,-6.949668547,31.68382019,15.54656743,143.1902424,6.544372272,47.41881813,3.602738368,Moderate
1.383703206,44.74909431,33.15222005,,19.27150742,142.1383535,13.6062354,35.7018738,9.96411505,Moderate
1.481922598,10.581027,34.85633678,76.95342397,64.56437745,64.35699165,26.89851466,45.02136094,3.097478692,Moderate
1.534017169,57.76673433,19.44151741,71.36510749,132.7297983,172.2745559,40.25513641,,9.055600506,Poor
0.415757661,41.63109466,33.0578999,72.74870098,68.77906776,63.2571105,44.43686141,40.76257621,6.013428276,Moderate
,41.23317844,20.64992132,63.55465785,143.7845507,116.055806,,22.01969923,3.438668871,Moderate
1.264295784,12.15868679,29.83792654,45.32164114,11.0171122,,40.80559746,13.65880673,5.831813962,Moderate
0.423735002,28.79441426,15.18076938,62.90799121,115.1744305,188.2512663,19.75102258,41.43863898,9.439881034,Moderate
-0.442995023,53.92577807,20.98791177,72.00540392,26.27079153,133.4827457,41.89631722,,2.144642083,Moderate
1.387971283,28.42631719,20.53628616,67.49888992,85.89168297,151.8225178,26.0925303,59.09053395,5.232916431,Poor
1.091318438,42.48233245,25.8158751,75.68942219,62.4108978,49.09575844,33.32616929,11.72881084,2.861533996,Moderate
,17.11246843,16.52478436,47.54095547,60.4079067,35.25423772,12.34969965,44.85084264,8.979306366,Good
0.611836698,53.59217639,20.84436461,49.59296866,125.1546714,172.8636795,27.0681631,25.76449702,9.243487036,Poor
0.266613742,11.35837106,31.10180637,,101.3871847,167.9705517,13.11645956,46.04492562,8.405992615,Moderate
0.359286504,,17.8394398,72.93821397,149.6736614,103.2419276,28.40597574,56.87278796,6.785500517,Moderate
0.415571837,28.37672111,27.44827283,31.6221723,30.9687662,100.8282087,29.61717537,,5.105144881,Good
1.225801433,58.39300174,26.60177669,49.75776487,36.32455886,154.392987,31.24498816,29.63242569,8.384151611,Moderate
1.651162304,15.81831989,31.94121654,38.22027645,133.7877457,165.4312708,31.92134851,39.42347724,1.349863273,Poor
1.329604544,23.63120004,23.98699484,47.56096937,,114.3959996,17.84898365,71.35923436,3.87686856,Moderate
0.602472509,22.17411483,,69.79631936,,32.20822071,44.42098464,73.41607775,6.841725418,Moderate
1.693535247,16.76770411,23.07202005,76.44297749,116.1203459,188.4340169,28.00084994,23.25526131,7.855684358,Poor
1.461744437,28.32307674,31.68289194,46.41165528,143.0960791,155.4107139,,44.24513741,1.376923545,Poor
1.020925972,59.38611949,34.68220638,33.52459728,89.55388177,102.2508776,6.829273193,18.46724636,2.173066512,Moderate
0.281393606,51.13071593,21.32540299,57.5579981,79.36683763,,25.42587967,238.2665741,1.754237432,Moderate
0.692132729,42.09857502,28.74038533,48.98757615,127.3625146,42.02786463,13.03626146,37.09350084,2.477664677,Moderate
1.086712569,43.24558622,15.29386777,52.33572636,85.55468763,165.9705001,18.11925933,51.77060931,6.737008408,Poor
1.94504678,50.69851348,23.91083277,72.04543552,57.56278776,128.6824001,,46.71054421,7.503505524,Poor
0.473014784,43.01513599,32.33540709,31.96347071,84.12591548,163.6832886,47.33557526,44.97328884,9.180828027,Moderate
1.470035311,12.59782888,18.98540673,60.35676404,62.09449553,170.8695724,6.121051613,46.19846217,5.210221708,Moderate
1.053512892,58.49105225,25.82815215,31.58718827,16.82836421,186.7827736,7.013916762,31.43674717,1.808431773,Moderate
1.595239082,58.45513151,18.47523186,55.15662363,13.99533073,16.94494654,27.35566941,58.34307187,2.035098431,Moderate
1.779449624,43.34321288,17.97591939,44.96916869,116.0495034,49.82295696,17.54032242,,6.929698638,Poor
0.509022715,16.67399862,20.55705552,40.93569445,144.7343524,19.06663574,18.91203929,51.14567835,4.478443506,Moderate
1.446097816,33.11477805,29.46895636,57.01497034,121.2668244,129.6227797,42.15072451,29.73506862,3.090460283,Poor
0.636337518,10.55156322,20.19083566,50.38740525,39.91655333,177.6877155,6.918815527,59.35442989,,good
1.899306811,50.32018086,29.28105447,57.44364008,52.30197351,43.97337076,17.25420823,26.33773886,7.78543916,Moderate
1.779271529,32.61591423,26.54399773,69.18691255,102.9411266,34.6495581,10.27754555,27.16955135,5.987527494,Moderate
0.43048251,59.62417511,,,76.47876089,126.7963177,10.02177126,35.15372934,8.36186294,Poor
1.500054623,164.2339751,19.09360218,62.97529908,34.8671052,38.84697824,32.95801678,75.35307645,8.181488703,Moderate
1.500080477,12.92754646,18.58511224,73.30507727,10.28685237,101.2793,29.314855,59.71212866,5.608210502,Moderate
1.663039221,40.17242967,16.77209428,54.4812231,107.2309314,154.6430798,25.42416143,60.89918378,1.171390683,Poor
1.875363186,18.85748947,24.8465096,37.74626556,98.5566935,65.72938449,37.82151072,51.96013794,,Poor
,29.8797199,29.87187832,70.1501036,60.50369456,196.9180422,27.30519892,50.9762796,7.098500639,Poor
0.977501034,27.73110788,16.6692817,68.2220364,104.9500098,173.70369,33.44284256,23.23543576,7.846343254,Moderate
1.408831752,13.97096845,25.00802291,63.39339534,10.64888772,195.8260641,24.09601419,44.3318086,9.377269051,Moderate
0.906401193,41.83348411,34.86510031,75.82102723,136.8845286,119.8688102,15.45345189,76.54244601,6.948764386,Poor
0.688428257,21.22202859,27.41857135,63.68227087,133.0746722,128.7879045,24.88910215,41.26821052,9.11337266,Moderate
1.760730173,53.58917833,-7.924163732,68.11513123,35.20573155,,6.689963817,21.00649656,5.478845991,Moderate
1.219528353,11.09116984,,37.16407294,34.51255671,84.07033479,25.78836077,70.04358839,8.122174513,Moderate
1.463540379,42.93538878,23.92839033,73.22166234,91.09819163,95.47769995,20.41309754,73.08243363,,Poor
0.552424043,32.60995141,24.51092075,33.55174445,25.02816751,116.8555674,10.14306858,39.81252085,4.587033017,Moderate
1.96828151,13.11458991,23.65632004,34.23441709,98.20528522,147.7488558,23.49420778,,7.667018804,Poor
0.6543865,44.74755445,24.68154139,74.91932333,77.98504394,105.2615361,32.99257542,59.64264927,4.830002899,Moderate
0.546120234,49.10140438,30.47982756,50.12031296,22.76218999,74.20298092,18.04279952,75.23389128,,Moderate
0.535820643,59.18394626,25.01207142,71.03480804,91.48772593,67.79975267,34.0420769,41.94281467,1.274468931,Moderate
,52.32571693,23.33131657,36.77297684,,87.9252415,31.82988679,76.01144968,5.287044641,Poor
0.220436561,39.00861846,25.45153199,71.28554758,126.2841179,180.7259103,42.33258084,60.36219774,2.928446284,Poor
1.597543329,32.18751097,22.73081014,47.13225733,50.2675118,79.67866378,40.75096979,31.08619064,7.44968743,Moderate
1.299116076,34.06720758,26.87121871,62.82048018,16.68421778,78.1905216,30.2476444,17.05269908,8.848954574,Moderate
1.857515389,37.25134594,34.33691,59.16261962,97.12188527,,11.99003644,43.66591257,4.621334856,Poor
0.774156135,58.25593482,32.39938319,37.36377818,50.32671361,171.0898267,43.36101352,19.78043969,,Moderate
1.911092864,15.32965152,23.96638111,32.84893635,75.49517985,165.3774297,36.31830029,37.40759697,8.611703905,Poor
1.472343219,42.76209903,19.54359114,38.28740885,92.26197642,25.16876677,12.83937477,42.84242473,,Moderate
,36.62103411,27.9700964,60.04560028,26.45395845,157.9754154,40.87688495,37.70213809,3.563674089,Moderate
1.456691085,57.57016711,27.59115394,68.4724447,41.24606918,60.06873652,5.683656687,31.22536827,4.28575306,Moderate
1.772441523,59.60790074,15.02707251,54.64097923,116.569174,147.8426098,16.71775732,51.8814253,3.281114167,Poor
1.340126762,18.0379948,,69.63790568,145.7863362,110.3059003,12.36037419,36.14112138,3.87385192,Moderate
0.791596182,30.34539804,24.53686937,63.36061686,131.9458543,169.3747768,23.57572943,36.46174646,4.215177714,Moderate
1.049986865,39.62038923,28.29969807,57.84392216,121.4367228,16.14400719,29.55277256,18.91856502,2.630962393,Moderate
1.728552173,30.58827708,15.18108323,72.55753677,68.00698968,137.7457138,16.98582367,47.1601324,5.813208792,Poor
1.275343584,24.10935373,20.28552526,31.39261204,24.03675594,28.41662864,41.18344191,67.99711817,8.706566152,Moderate
0.475146451,59.74331586,34.15868242,58.88158772,97.16857168,30.57940707,8.943819534,64.05681931,5.178985703,Moderate
0.683619247,22.96483794,33.88897165,51.45311847,84.22902576,118.8949839,43.3882727,,7.795613837,Moderate
1.945837734,59.20417346,19.04031337,31.09566644,89.91021416,167.8959528,27.63997187,41.76925947,9.825833976,Poor
1.745142953,44.63129761,26.54558058,34.13684178,113.0561377,19.92254772,34.10743467,21.98913875,2.232699711,Moderate
1.340121538,56.35889097,21.74691094,42.33293079,65.52224344,162.3322837,47.33020494,28.3756023,1.102507013,Poor
0.261899338,40.38683974,29.20485597,77.64075085,114.6567998,22.28194777,33.59567203,66.71813914,,Moderate
0.535733319,44.0249651,29.05267546,30.26567378,69.0658872,73.39214484,6.315852994,26.74477616,9.09918589,Moderate
0.727779389,58.85870921,15.38232189,58.71437875,,145.1062871,7.198975408,29.77786046,6.275641187,Moderate
1.527502247,24.87742257,30.08496519,32.52865519,110.2823035,117.0667888,18.25181251,12.82276678,4.455540048,Moderate
0.994754902,50.3922971,19.21409928,39.75832586,53.08444312,122.2616761,18.85587668,33.8733511,6.852672767,Moderate
,46.21694086,15.96372025,47.25418728,38.74561059,108.0319712,45.74385221,44.34295031,3.731078948,Moderate
0.84021089,30.55478013,20.34804056,47.04792857,147.7748993,163.5865447,6.724731488,30.90705102,5.546476165,Moderate
1.171084326,48.78059255,22.42225877,67.67360553,146.9596169,41.41534278,47.36994008,52.42105017,2.540662695,Poor
0.410416473,57.82506991,28.13262147,51.56508532,62.28273399,134.9275365,44.27786598,,5.89122883,Moderate
0.878499973,35.9204011,22.43448133,50.16053166,372.6646967,167.1916317,34.19036188,71.89716218,6.556188259,Poor
1.452853634,50.08640415,16.32887689,79.88141487,25.29816962,74.71981179,5.487988972,53.73567791,2.831819702,Moderate
0.273311844,26.25950321,22.7896379,59.64200903,90.25878627,25.193784,18.88594271,63.76625649,9.838696408,Moderate
0.530128118,46.87911508,18.04208566,54.55478647,123.9097878,109.8338202,46.87041697,36.12451584,1.431619592,Moderate
0.536678747,30.70648763,34.89638588,64.19332259,105.0567988,67.03764426,,78.11317447,6.50942793,Moderate
1.918757505,22.36155372,20.78489544,71.90774875,122.473358,134.7582949,41.46295015,46.23408799,8.791545134,Poor
0.604288681,44.4442651,26.81275668,71.61817698,48.9023936,97.75100991,16.28536595,10.47517218,5.283479958,Moderate
,48.99254944,27.15810428,43.23175135,91.90716013,26.2675255,40.24936908,20.3670559,5.52292846,Moderate
0.447537699,30.46670032,16.41864432,63.55787367,78.32602785,147.4571683,8.963022919,28.16144197,1.553887307,Moderate
0.394204569,,22.60801098,61.57094606,,143.1881485,43.2766561,,3.844943991,Moderate
0.885603542,18.40071039,32.8374429,32.48071867,12.9362425,148.3951123,,12.23961221,1.343825054,Moderate
0.725860367,12.10465948,34.34253231,37.97461313,135.2006175,70.1039887,28.65023495,16.96473583,3.052556352,Moderate
0.247720359,52.20852245,23.88087498,78.66913096,101.1389445,175.8937387,14.80602422,48.79268788,3.074453536,Moderate
1.397354997,33.07387323,17.37005247,77.90590045,144.4248562,192.6678533,30.53157873,24.96608475,5.687340275,Poor
0.571558289,47.5687543,29.7576997,46.59857524,63.9303978,,16.37206211,63.99262003,1.524674835,Moderate
0.226180398,26.21668766,28.55626401,61.13447705,41.04770827,67.07330095,6.652483664,13.45097637,,Good
1.084908575,21.80252317,26.07422971,34.2282689,29.91527175,72.65578958,,15.06500804,,Moderate
1.570719137,16.01045277,31.56938599,71.91152105,50.24928647,106.4586,13.50931977,0,4.696303605,Moderate
0.417144568,14.38213734,30.40316424,43.58165906,124.0812724,90.25314349,15.33798365,72.56419314,6.670311198,Moderate
1.193684926,38.59361356,27.42584898,73.27811916,46.35484139,62.11279669,9.930334119,67.18145901,5.997369903,Moderate
1.817397539,16.25928961,,55.35298234,56.9302589,91.06170225,3.468554033,42.53983466,2.392163634,Moderate
1.097061991,,29.18641657,,29.1070229,60.04140315,25.8627922,30.2166979,7.610383363,Moderate
1.210298956,38.2865982,,,136.6626891,,,55.13297086,9.447204156,Poor
0.532137835,29.03116467,32.97121209,57.3347841,46.20672288,53.99117339,46.91730734,78.7856688,3.453019739,Moderate
0.334191159,23.28000213,28.52355124,65.93698089,122.9898848,41.42064633,26.67481343,16.01372717,,Moderate
0.507597657,36.3520732,34.62385058,71.18118054,121.1361146,60.93318373,46.9366359,27.19421018,3.977136923,Moderate
1.240904254,,21.37733637,65.36985,35.46554297,45.2205732,34.45024531,56.71458141,4.032297218,Moderate
0.615934634,38.99918937,23.75322656,63.56354126,15.85989709,84.55467606,13.98036389,24.20954914,4.761725892,Good
0.351392251,26.2292915,29.75739037,50.34024005,24.90850474,,10.56626829,,9.492086954,Good
1.081014968,26.18051096,31.58573599,46.05810763,,60.81185397,18.0540409,19.0848076,4.718750309,Moderate
1.512212902,37.54286853,,74.54277675,89.35181388,122.0302364,,35.73959557,7.344200195,Moderate
0.474570277,50.79734695,30.31093501,71.74736028,73.64817061,190.8016564,12.46575783,67.66612249,4.986434096,Moderate
1.026444361,47.80816644,20.35185353,37.52361355,14.88705987,199.3015312,39.05996953,67.52610215,7.79385276,Poor
,40.9745173,16.55298669,41.49133629,103.26987,,34.92106988,75.57974011,9.398018991,Poor
1.153371041,58.4096714,24.64082116,59.8577653,19.21111429,,22.94548522,38.32576192,,Moderate
1.65820411,,31.91208726,61.18715424,148.7722525,121.8103792,3.275642211,49.61041515,2.223394726,Poor
0.705390252,14.39332496,24.12473018,42.16983416,55.74098877,56.65478948,34.45782457,39.22137987,8.203277696,Moderate
0.705733741,44.0558927,28.65234442,32.00295595,6.553718166,64.22875318,40.83938871,58.43047357,7.283052317,Moderate
1.316557192,37.00059573,28.14706964,,148.3818785,91.98977509,32.79280471,44.45513283,8.678556808,Poor
0.535826106,35.37338669,20.63042397,58.03391475,10.84140022,83.63013683,46.02456147,55.55518246,9.309695574,Moderate
0.568971732,35.86345282,32.30591518,51.3743227,68.49548364,46.10184806,28.46273504,56.8588445,9.120210608,Moderate
1.87891127,49.02627576,19.93647738,32.51215049,42.21384504,189.038909,3.602617527,10.64406283,8.852165336,Bad
0.314074947,58.79368775,25.42919277,63.08888662,,23.29920316,19.4802065,66.09600748,2.218769648,Moderate
1.097195958,37.47647679,27.71909414,58.39871487,372.7604217,113.6152287,3.945720927,17.31362217,5.650624404,Moderate
1.672426579,48.99226976,21.02530522,72.16630839,8.199591559,121.6504471,47.53556094,56.71908714,4.997017047,Poor
1.646609738,51.6067089,31.5878933,53.71275105,109.6995793,128.0982064,21.12096757,68.56341473,9.6032692,Poor
1.804057605,15.07104142,24.52873973,73.70358867,0,41.15595753,10.74235212,60.93055255,,Moderate
1.61947498,14.91978249,18.50443544,46.26055981,,61.8417978,45.80873836,63.92882509,4.616143033,Poor
0.552769152,47.91192379,21.95882823,67.41779268,70.50222402,558.3082013,24.53562585,77.94676195,4.437820409,Moderate
0.359664561,28.00682037,15.3389533,64.55279064,32.56867112,174.8010802,33.23837708,13.99929035,4.924434682,Moderate
1.032823614,17.50845004,22.84916372,67.61989412,54.56811108,17.45702264,39.84667697,70.38726141,4.644197328,Moderate
0.446273536,45.39175486,17.03786202,50.10136084,14.25021066,,25.91098827,12.29778492,5.145094068,Moderate
0.324850342,56.69375088,25.86049168,,129.5712049,50.61123287,9.12494544,78.98668933,2.53137377,Moderate
0.847084072,,21.86334706,41.60090902,142.6446004,36.08368912,21.16374052,77.98539383,3.270008208,Moderate
0.761079937,21.02431045,24.18530394,105.4633056,41.37746948,101.528314,15.86232009,21.37488908,6.085650547,Moderate
1.326547848,45.33886084,,66.87130429,120.8050882,147.3346274,,29.40808914,1.909254218,Poor
0.828577234,41.31101608,15.15328065,65.8198556,127.1139796,51.83228269,9.139815933,13.26793739,5.885572369,Moderate
0.765840766,44.87357308,23.45096857,60.28189447,114.4943745,68.18957189,12.56502209,28.7511508,3.525720219,Moderate
0.985027752,39.38846804,21.68099931,35.14212961,96.46171093,105.4559214,31.74781676,10.97643131,1.899386893,Moderate
1.160229966,19.25977839,15.77859927,45.42341407,97.03790046,28.4862136,14.60737439,44.63799196,6.444550118,Moderate
1.866023323,33.02697486,19.52250662,50.98136914,127.8944068,105.7078105,14.50301874,36.94711058,7.182571972,Poor
1.132993374,50.8648885,24.72000988,48.02134136,24.60651049,145.9098084,30.1159978,37.80308204,5.481786723,Moderate
0.800298509,35.29263465,31.33558933,43.76195905,143.2024166,46.23896853,28.09969732,44.04741397,5.789061752,Moderate
0.867155865,13.65979619,27.27208228,58.96572333,24.094601,124.8316547,43.50665969,55.65848042,8.886631137,Moderate
0.742480173,46.87168844,30.08529947,56.56470092,67.88567804,115.2728302,21.5559423,41.03242245,2.785352859,Moderate
1.506964401,34.33344707,28.54241279,77.08459933,76.95468718,169.4701504,27.59445372,62.66864632,3.363702511,Poor
1.052249187,13.67483737,25.83409625,60.34234778,80.12123722,112.1838789,40.3243244,71.67736038,4.768830914,Moderate
0.247757967,21.03059764,30.93362794,64.45438269,88.75389669,114.9401944,9.369293057,78.49541769,5.455503511,Moderate
1.932767146,41.578011,15.5507344,59.96510581,95.72387728,66.63913709,4.708015171,45.02508523,4.839327109,Poor
0.701563636,16.50431201,17.29865994,70.19072726,96.56152492,175.4061337,28.92933449,56.81272781,1.861211045,Moderate
0.610283293,41.70028515,15.24808073,133.4303796,122.4028803,104.572011,23.49531257,37.87751644,5.836752447,Moderate
1.015919903,53.83253809,21.90683904,49.59552815,138.7835452,84.60797593,22.31384653,63.25315159,5.562371045,Poor
0.574195259,14.43002148,28.45405988,,70.11638455,415.0496035,20.34383342,74.50204154,,Moderate
1.94525233,12.89213383,21.70416095,57.66855949,59.78668599,159.947778,3.345817992,14.59205355,7.061651081,Moderate
0.493281969,46.82010075,21.94554078,31.50130027,,136.2693448,11.38158108,34.87027503,2.562149297,Moderate
1.865446971,49.31390997,32.54940093,49.43631739,93.19064963,107.6621721,49.49942716,63.45273357,1.637845306,Poor
,27.29415285,26.6561367,,123.9706997,175.5762309,36.97344258,33.5793391,8.238350389,Poor
0.221878054,13.01336951,23.10205389,63.63823072,57.63251186,34.36218146,8.303505592,34.80967944,9.253886547,Good
1.558177173,44.16240141,23.15168417,58.17041822,44.02842779,122.4398598,16.85096438,56.36603019,5.289584107,Moderate
1.202173207,54.33021076,19.83954261,45.16429454,133.1341753,150.5333494,17.25078511,16.92780364,2.244088781,Poor
1.188607996,58.5697547,18.20049873,30.9572434,129.9414083,195.486355,8.321867493,63.88406152,3.819256664,Poor
0.724212452,24.36194958,32.64832737,,41.58522943,,4.377073826,73.06354112,2.34876519,Moderate
1.374942994,,16.03337443,78.86399663,116.468334,90.94226203,30.85070459,59.19168095,6.498518731,Poor
1.207352596,,29.02339723,42.9914069,313.3331103,144.9437634,5.442406612,45.45849999,1.402762905,Moderate
0.521380392,50.24944998,34.34070551,79.4210497,,33.93145321,46.34449595,48.36150481,7.590706935,Moderate
0.219507773,43.82566929,23.78299633,54.39171593,31.50794134,173.8410198,28.6189204,71.72021145,7.910748308,Moderate
0.645226583,30.21593841,30.22075581,49.3661259,55.58062658,166.6402455,32.0987058,,9.041811251,Moderate
0.526219519,49.25082719,19.57353559,39.08894336,111.9995265,52.16859784,41.38928837,,,Moderate
1.431619448,,18.74823888,71.4277799,106.8055808,32.88849356,24.65347205,30.03813248,6.766392023,Moderate
0.513859572,41.92629738,27.01302133,67.58734962,75.07767132,121.6608231,46.45895465,52.88790413,1.628757286,Moderate
1.870973413,20.00751221,28.37145293,79.80788367,146.8419969,76.74867046,7.047457194,79.31557742,5.042333825,Poor
0.66696218,41.80886824,28.48039838,74.49566882,116.156412,40.17040337,21.00873002,52.95955787,2.48260608,Moderate
1.402553246,49.43074823,17.63430057,,11.54694784,159.8846054,41.1984465,33.30651729,9.538344264,Moderate
1.85574011,37.11186027,33.03880393,75.21216457,81.50025612,21.5044613,25.65376113,30.1706495,9.346297685,Moderate
1.197520405,17.94540838,34.41353091,47.0659323,23.28672174,133.9192194,45.56236047,58.52466796,5.873556539,Moderate
1.974170817,34.43215952,32.57957801,41.0055663,83.46150461,,45.61270496,48.97728522,4.650574512,Poor
0.684637816,40.31264689,34.25536701,35.93545478,10.77265872,163.1513485,26.40358385,65.45329568,7.621461881,Moderate
1.176760342,,27.02148334,59.84259384,56.45061905,,5.309974346,53.63201036,1.782456046,Moderate
0.864044551,25.23395695,21.05831458,76.57774572,28.18256569,62.78557939,4.859202808,20.76245185,4.437622171,Good
1.290394675,49.0380793,27.6184358,41.3260813,15.01035585,146.4280358,47.82407045,,7.97395089,Moderate
0.826859841,46.53252551,21.31254688,43.05242631,55.10903995,106.8975342,48.0250296,38.76724256,1.600752294,Moderate
1.765813452,59.23348698,19.48586967,30.56512683,33.49061021,59.09238397,27.30454275,36.34182719,1.211131195,Moderate
1.144561577,15.52370566,27.3059605,35.26966091,77.22884181,101.8402658,30.12777378,50.53908628,6.136148576,Moderate
1.74931505,,26.96714969,54.254733,147.4655845,78.28284541,39.0418982,10.89357986,8.032205966,Poor
1.388355278,52.71925467,30.12427228,60.48487126,134.145476,167.0402747,25.79842673,71.79855435,2.980596293,Poor
1.202242272,53.54845619,,70.33325265,13.64451217,48.62626559,36.51167172,56.91777832,5.040205503,Moderate
1.889012822,32.97233842,33.52388137,49.76296577,143.0490548,161.3924821,28.8824556,0,9.002174821,Poor
1.326604478,36.16648156,25.76663887,66.51245948,,74.14835713,25.99816913,,,Poor
0.367584982,53.4311584,27.21560142,74.4563962,31.8651433,100.1608744,31.37825959,23.43112291,8.626195485,Moderate
1.768629062,,21.09502191,33.45229532,30.68726087,198.2027566,22.96532652,36.84741587,3.269821619,Poor
0.353629403,40.79927251,25.27708928,46.72005895,76.01895086,24.6716341,38.42924451,57.41127715,5.402768662,Moderate
0.571400693,37.69011204,,39.23162287,,41.61708875,13.85602759,56.85438455,3.710431178,Good
0.813919432,54.70496018,20.08783162,61.02368925,13.99600546,,30.84719352,15.92541275,3.429762732,Moderate
1.156438337,38.93377043,16.43423778,63.73931511,79.48763901,86.23574031,31.03049919,20.32171065,8.45540331,Moderate
,13.26022956,31.4596761,63.62536313,65.80352866,119.0912532,43.49637265,21.94742047,2.699831681,Moderate
1.176903998,40.09407948,32.10060403,39.05916395,40.14128579,80.87245034,38.96000981,52.60001152,4.670964342,Moderate
1.300617624,40.64697912,28.09301374,49.65519538,99.02736075,44.75915429,8.973822847,36.17570995,8.288096758,Moderate
1.905110011,21.23078059,31.71651856,50.90723941,116.6132603,175.3202024,7.03233139,,8.327878903,Poor
1.174941586,31.48284064,,43.79613472,41.21290599,46.60053567,,39.5712053,2.872221065,Moderate
1.658995995,14.77676569,20.40786573,38.03397924,149.3814955,27.44765339,46.8276858,34.20799992,8.46263602,Poor
0.369997329,12.07864295,33.18909222,43.42810837,39.66462569,166.7938883,14.57836762,10.37442921,6.006127546,Good
1.392540112,18.8264016,31.43273795,55.28170767,140.5358377,39.87018406,-0.2654114,14.31255897,7.201981733,Moderate
0.849753014,53.00698467,18.77081211,75.9198771,34.69634931,155.0314663,10.55352741,77.7650752,,Moderate
1.570915308,32.29513532,23.60854821,33.43568389,95.71936447,97.03623402,22.06857794,32.88594702,6.343352047,Moderate
1.510739761,40.42636363,29.02279189,59.67306914,113.956381,85.06012078,12.76772055,65.0065939,5.813854802,Poor
0.229858092,17.55289459,22.69022655,33.32316629,61.07252327,72.25186658,41.72312994,45.40664558,,Moderate
0.747636037,21.93885729,23.80646837,76.35553144,11.02894918,68.81221803,37.00612495,44.52732451,7.978685631,Moderate
0.952837465,21.84352795,15.07639845,55.06378223,71.4141494,188.1926644,5.447403092,23.86915193,7.992517496,Moderate
1.184078503,48.97922368,24.88424895,35.12839813,89.75875142,94.24508311,31.02415304,,2.05728309,Poor
,48.82984264,20.61366431,58.94033773,83.48416609,55.25376889,17.04952905,14.28516607,,Moderate
1.056890724,43.18948431,28.52052576,65.73594168,116.5138643,43.01093213,19.68477044,44.64879563,6.232299015,Moderate
0.247460554,,17.03784776,51.90893066,51.5239087,151.4248167,9.151413512,78.1201298,5.346049929,Moderate
0.891004198,45.8161694,30.75098172,37.32181283,95.36550409,108.0957767,37.28750683,15.81271305,4.196185876,Moderate
1.329874496,27.66257043,18.83185891,75.75303663,63.27205933,176.3929942,46.70391267,37.21960475,2.213072064,Poor
1.332917549,25.56538496,17.45841357,67.5132882,44.23109219,166.9721818,19.68571751,24.03283334,6.266094948,Moderate
0.369167492,59.8166958,23.61970441,52.11469027,471.509318,162.0771343,7.07112876,78.85181098,6.45594978,Moderate
0.92153255,,23.18824144,38.01128005,92.03645446,176.6304364,32.07350201,77.46723628,1.000475442,Poor
1.937048439,33.80090647,15.24206234,63.79114626,58.95192697,31.17210946,6.691203411,33.33574867,9.87392415,Moderate
0.639181358,15.24650892,34.10121023,68.90126216,62.00633378,90.69877868,49.93235791,21.80193339,6.44040084,Moderate
0.559412808,29.21633236,27.69342547,63.21096925,57.89925818,45.74422493,47.68500152,46.91176269,2.051908845,Moderate
1.80680908,56.65566657,31.65660754,30.81001987,20.46042475,21.00709276,11.62824249,70.18981432,2.250639147,Moderate
1.679348107,44.77336033,17.85700575,68.12234793,101.0354921,183.6802458,3.180023654,,6.258023099,Poor
0.614015907,33.19656884,33.65421016,64.10958446,106.6591502,156.0046896,47.28271636,56.40343766,7.310270182,Poor
1.894636656,36.5584764,27.4132096,72.62737106,38.50672367,92.9406631,44.99496866,15.06634752,2.479534159,Moderate
,34.94440767,16.02270763,64.94744142,120.6395366,71.25750765,42.55592661,59.38476564,7.180801483,Poor
0.375809805,18.3516973,29.62992981,47.68945794,116.1464609,24.28243981,11.92693295,78.31096039,1.199210059,Moderate
0.713171304,21.95900521,28.59240665,141.0415895,123.0856685,123.3745529,25.12837171,72.58639585,2.186293361,Moderate
0.394204569,,22.60801098,61.57094606,,143.1881485,43.2766561,,3.844943991,Moderate
0.328139567,59.33150615,25.66773258,38.37455445,115.200804,24.02176898,9.190348155,73.21354572,9.529595236,Moderate
1.933800571,56.35172724,33.58456107,38.75615701,106.0685041,41.61557377,18.4279892,49.67642735,4.152129529,Poor
1.308553739,49.64272095,22.3689784,39.33199699,89.40016901,178.0313761,,59.28730525,1.401130366,Poor
0.703962369,19.73112559,18.93851409,35.93218829,104.1611681,54.23502893,25.12317952,69.85765954,9.819229895,Moderate
1.971923925,32.90934434,30.01879597,61.2665085,,36.52136952,5.165250975,71.14889034,4.97080992,Moderate
1.4491072,58.99851647,21.63129398,76.92648917,146.7061544,130.2805029,18.77363448,64.48603332,4.863904891,Poor
1.877812908,16.07506882,25.78189105,63.08593413,22.31024664,34.57235625,42.27187014,31.26066961,7.64900226,Moderate
0.810253624,48.05119955,15.11011598,53.69606101,142.165779,28.4431337,48.40300858,21.67807935,7.662817278,Moderate
1.845737852,34.82305762,34.60737482,60.29984836,16.55868561,69.98461106,43.8336515,11.25705046,9.78412533,Moderate
1.820033555,13.44790082,21.93048336,34.079936,135.3910932,170.8058402,43.55022654,55.10962187,8.775129847,Poor
1.664831035,54.21032317,21.35173591,38.53541817,91.32812367,159.4293713,24.82446174,30.70269842,7.798935453,Poor
0.619327055,38.87966829,32.90692178,31.28448224,120.6816788,79.784507,24.38268651,51.28103253,9.735159994,Moderate
0.682514553,30.49524448,20.75265458,40.51592781,130.4353094,70.71748359,11.02610822,22.84205193,4.148755248,Moderate
0.664839899,32.51854681,25.31723805,59.76064171,38.86726735,113.9379013,15.48261712,,3.99536525,Moderate
0.862009639,31.30906511,30.47759311,66.13688761,13.64012912,142.2373032,15.46574056,68.5849483,2.534773505,Moderate
1.670729728,25.31268104,15.99958057,127.6699098,34.59271087,29.54594153,12.12405221,34.74342326,4.041729813,Moderate
1.504580189,42.83900524,29.75834787,58.92462541,100.8946884,94.94150381,15.61950358,33.32692184,3.068434376,Moderate
1.340353479,,32.8504658,65.43828276,115.7353791,151.2475373,47.59315339,11.57980082,6.905314827,Poor
1.981928418,50.07685559,34.54615816,33.84015242,28.44571022,130.1711932,20.71009951,37.834449,3.621643725,Poor
0.730038367,19.22381266,29.65398101,36.29775982,71.06918467,90.37045805,,55.99831873,8.245159239,Moderate
0.46081077,11.10617758,28.38400526,57.95296425,65.05045489,192.2555522,23.22612916,18.75622369,6.833882597,Moderate
0.773754505,20.18832296,,54.9979496,77.78208374,191.0649452,35.61157709,77.14648047,3.137645085,Poor
0.935721508,27.77465052,29.68887864,71.30323423,17.38343937,507.3816016,38.2371101,72.84570645,4.429904623,Moderate
0.824515763,35.41802735,34.69716806,57.49342814,12.65986952,115.6600954,16.0727511,61.13602578,9.012723014,Moderate
,16.44349337,31.09813554,55.3902532,141.4276246,57.04329491,19.55485583,35.70943909,6.865118154,Moderate
1.951418999,22.10225079,31.42396565,68.04256655,39.35397912,75.93516482,4.166408938,50.65577809,3.49322904,Moderate
0.450689731,27.48516149,17.03607366,,70.30080594,44.08271846,26.05110755,66.08200523,2.521935104,Moderate
1.115427244,44.00703859,15.8404935,35.86019528,90.06046815,114.5707188,44.04797254,52.28034984,9.750067383,Poor
1.621312657,46.92246046,17.68870259,56.90113527,115.8743878,67.93498285,6.549773043,59.61359426,9.935235804,Poor
1.554274153,49.1192742,29.45413915,73.11014868,129.5112276,153.2913178,16.68623338,60.33159743,4.080390335,Poor
0.364847732,46.14071516,28.44920996,62.48940234,120.7097151,127.2424974,48.97847679,62.70903351,1.072973772,Poor
0.336553991,29.96579579,17.48736798,63.09568163,132.0062141,179.0201567,12.72297814,45.68299468,4.38437612,Moderate
0.543237897,20.12402801,,43.40871839,100.4545787,48.02616102,41.66973142,27.85610557,3.944990648,Moderate
,25.16375738,31.13930982,70.28572628,,47.33522276,5.852104241,66.09464408,4.805815682,Good
1.170816035,24.35190666,17.25160781,64.43158147,79.86107838,46.53556464,26.74043112,33.39001157,8.615744795,Moderate
1.810689231,,31.51956425,72.94083856,78.36008988,180.2613314,-0.132926119,38.31636671,4.9739256,Poor
0.631211403,11.22934582,33.19253639,79.8591177,91.79163402,193.8458321,49.85191636,68.30255164,1.819326835,Moderate
1.687623439,,34.12094287,55.27543802,58.68366692,80.20899368,17.23007756,39.77495474,9.928143725,Moderate
0.801639003,19.90488164,29.73070457,43.59772797,61.25604939,122.0343275,29.80468787,62.1057743,1.10684212,Moderate
1.394303184,34.57972734,27.34133032,49.13993822,25.67070048,87.31972397,46.01152456,45.55281912,3.248807187,Moderate
1.362651034,40.97939774,29.15442701,32.51747635,138.0588553,55.78703898,36.02359009,58.54568859,2.98098847,Poor
0.240444755,57.03396226,22.47842094,58.76795866,93.50263613,112.4964105,48.68651331,61.95407064,9.480708441,Moderate
0.954065809,33.07787372,18.34642608,76.51992101,60.0619237,99.68645335,37.71133486,20.44876089,4.30456433,Moderate
1.282007021,33.99378102,20.53808975,71.23716187,17.47466277,92.17539161,27.71948911,23.79742272,5.587508544,Moderate
1.639848954,43.82339686,25.92860632,37.8100754,33.26894937,18.33536666,13.72071776,16.78421289,8.616862115,Moderate
0.748304785,40.67056946,16.58813169,47.84429876,13.24780268,196.9866429,10.90711922,16.63172403,5.050857417,Moderate
0.963599617,11.28210329,31.1647042,39.26351777,73.94397871,119.449905,17.30245682,79.04449461,1.260970699,Moderate
1.166791775,31.62489392,28.48260591,76.91578643,60.33439237,115.4439822,25.26734475,58.10981031,5.924148783,Moderate
0.770459609,37.06481677,32.47397187,46.33196247,121.6040069,106.0203199,3.399292195,73.28244905,6.254724406,Moderate
1.347373823,46.26288302,21.2243499,48.65613092,5.93733188,127.9195711,40.93402996,66.86221329,3.135289273,Moderate
0.918204867,18.24074079,31.96850758,32.01290015,51.6997926,76.79842646,6.094002638,57.98770344,9.197154375,Moderate
1.610575423,13.00711713,22.90261815,71.72858951,63.50474051,97.48902467,6.896985326,59.84503946,6.368271198,Moderate
1.072141373,50.29627001,24.15991518,66.65000536,62.03149721,168.5388247,29.59676444,73.4094573,3.750188134,Poor
1.455356481,47.83757528,,38.84484754,48.48976263,79.75127067,14.56198779,20.94320069,9.319189116,Moderate
,56.40418202,31.21757162,38.54682012,111.0313355,38.45833284,17.56281449,47.72866121,9.585287235,Moderate
0.452151227,37.37961881,20.90081415,31.12129446,149.4963148,175.5248881,11.63920581,73.13412755,1.320509352,Poor
0.270761852,40.02971667,30.46283748,35.99455467,29.47745084,99.24805747,22.55532151,197.161504,3.579945232,Moderate
0.588477849,28.55193815,15.5089552,65.75500806,24.31140822,24.12216262,14.84391642,24.01079479,6.305237228,Good
1.337306982,59.97068629,27.53185022,52.92157121,41.03827403,129.3827289,43.28036433,56.15962728,6.891590742,Poor
1.834878595,47.9131598,16.8771457,51.67361164,118.7387936,60.13913094,42.53152002,48.00146927,9.231259917,Poor
0.353915356,31.70096831,32.42828068,40.0764189,10.78876722,190.0445754,47.52342426,65.84616605,1.886451775,Moderate
0.236128156,18.74193136,22.31361497,40.73479437,143.5691728,147.9593642,41.16248389,55.83430259,2.307574088,Moderate
0.586892681,12.61289396,20.42192508,75.01320556,9.992539743,82.84355309,4.101348902,40.88607684,8.862704404,Good
1.136294302,19.59336624,19.17765448,60.57318056,54.48044521,70.39327809,13.65765502,50.39142812,3.470901263,Moderate
0.479432443,54.30978902,29.54113523,74.30430544,73.84150588,136.8968342,43.40814687,49.39811661,3.667966523,Moderate
1.910740671,19.07191738,19.83863361,44.57304567,83.91731387,22.21618784,42.97726927,36.81485588,3.798757192,Moderate
1.568410148,32.71886673,19.94680632,70.73355024,133.2494155,89.06597597,14.7726985,54.22423906,9.489685575,Poor
1.104822242,58.44389276,31.62747029,33.70527113,85.42961859,99.7115546,25.75801755,69.52223957,4.362852667,Poor
1.297215801,58.67444846,16.27281819,62.41590037,120.9685878,32.10316065,,15.08023586,8.227409722,Poor
0.476032526,28.60835119,21.64382066,67.86414891,146.4345033,124.8114221,7.273966146,0,9.135835269,Moderate
0.261102761,26.51075324,19.28812966,34.83224171,13.47640815,133.0715168,47.59906225,17.91698176,5.657149084,Good
1.972714158,48.82237232,19.60833324,58.6974933,28.99746733,89.6511986,36.85566835,77.39493656,9.180259697,Poor
0.734819088,211.9075091,34.30030739,50.32952687,23.90120386,82.81196967,21.15311058,62.27203155,8.250227438,Moderate
1.227400948,42.51005462,16.24406452,32.63826289,133.6829963,45.44472081,47.93106276,,2.810556704,Moderate
0.399137127,20.28436311,32.88188605,77.33781223,73.8895494,92.32705582,20.15723563,30.29911749,3.438183009,Moderate
0.874302706,40.85724933,16.15295164,39.83267925,101.987097,137.5129493,35.22850013,,2.112152415,Moderate
1.250063777,10.91162913,16.45803671,69.88661317,125.1628027,189.9572951,16.40377001,40.20556839,6.54061957,Poor
1.52821445,53.53749506,33.00166366,70.14054674,67.30263769,38.74473642,11.06887517,50.4513957,7.519801062,Moderate
1.67099996,53.21791249,,75.41142444,144.169698,54.02942976,47.67366739,65.23284229,8.862177752,Poor
0.398093464,22.99017905,19.83787657,,74.78530293,159.6292678,15.32689313,45.89249299,4.837654508,Moderate
0.233103218,46.39696535,23.64037855,36.54868715,92.465894,160.7865027,31.81900695,40.88920357,6.694093314,Moderate
1.106151088,29.84907585,15.35104727,51.49788099,40.80936921,18.69499253,43.01999154,20.52174357,5.483167068,Moderate
0.741580958,41.04577589,34.90875032,57.08804821,,122.8745651,4.526870044,49.86376717,6.932399901,Moderate
1.891697823,,19.80797826,48.95202427,12.43320158,46.89147699,27.78099205,79.17834806,,Moderate
0.767522608,29.02100038,16.36917439,65.03057482,58.39626557,98.65979352,28.07999577,16.31369901,7.437131681,Moderate
1.814798468,11.62630897,15.73442725,40.11270903,16.19219188,129.7434471,4.214431694,27.68102047,4.129930878,Moderate
1.442710692,32.36012703,20.86617222,71.54745855,129.6485751,123.5213214,25.70411352,12.70140934,6.215827322,Poor
1.632426805,34.90978582,30.96760681,59.34682533,88.46104715,69.14119307,29.73930607,62.546831,2.294510239,Poor
0.848343155,46.35845349,17.85188288,79.78155547,120.4553234,168.2143858,43.15677713,28.38853169,1.108629418,Good
1.323468034,51.99011428,21.13553199,68.26816819,92.11486165,,15.55886509,63.08825711,7.374916442,Moderate
0.385622964,34.8587382,31.55037844,70.19024452,33.80158401,152.2115639,29.84700713,21.07981355,7.872537691,Moderate
0.772406255,41.59067635,,66.17218312,102.4763497,94.88431259,5.737178049,70.95580206,2.410866528,Moderate
1.779210836,11.55670414,15.91297491,39.74876,87.07267161,26.85752154,3.47220811,45.01385549,2.993744367,Moderate
0.490931685,15.86540945,25.25335452,75.39192569,,54.50542808,25.29929945,56.33788876,8.751090045,Good
1.471236009,29.42790506,30.06855845,,114.0146462,42.12369307,14.19186763,11.70736952,9.281772875,Moderate
0.970731467,18.37412911,,71.27078321,31.2293257,122.1729795,29.27942285,,4.961086939,Moderate
1.00720194,12.41060194,33.52765213,66.25030381,50.95668016,159.5704864,22.51003731,53.72904686,7.383828653,Moderate
1.549928847,10.26148068,28.94418764,70.27161646,121.7502876,148.6964613,7.886090668,172.0736551,6.701817643,Moderate
0.387395448,40.17438333,31.34256284,79.62908977,39.77389307,29.33447091,39.24756632,51.32982722,1.793139126,Moderate
1.450453648,38.06113941,34.1516203,36.72881336,106.6172206,32.54710075,6.665711721,48.814238,9.987555872,Moderate
0.52046474,50.00354843,20.93119824,67.62341688,32.84338852,77.66559682,39.40962805,33.4505999,7.287720305,Moderate
1.886293531,38.00840917,27.20014834,56.27351537,86.98531126,145.8372407,48.30405257,58.73550053,2.725961125,Poor
1.119345145,37.06332893,20.99838223,69.57791013,123.086083,59.08358905,30.76781308,41.27176677,6.7164129,Moderate
,34.35309594,25.88964666,53.19908491,64.95989689,184.5998606,-0.283884387,41.72832408,8.61507267,Moderate
1.10945427,53.44524922,26.47057903,59.03495423,136.8416407,53.08816781,20.81092776,18.9731651,5.327075514,Moderate
0.318275551,17.44440252,31.14141808,32.83402161,55.31533863,189.5967807,30.30552357,21.03627188,2.167356322,Moderate
0.946323423,46.6535648,17.05031928,52.10535173,92.35802972,152.2691474,36.83809835,32.16790492,9.233975351,Moderate
1.778960973,54.75588704,33.39062049,76.71520571,55.98923149,17.59268574,42.29757493,56.25091752,5.970000522,Poor
1.910427237,37.17691087,15.16639884,66.44696001,61.14735548,148.2205967,20.11368967,42.75016238,5.395014217,Poor
1.728602139,24.58312894,23.22042151,64.73204794,30.67692703,81.53997883,10.31755209,12.63881733,2.449900209,Moderate
0.779742498,35.12830382,19.50762536,33.361709,143.2767281,123.4535673,43.7561511,25.98980966,3.846631139,Poor
0.533239272,32.91503208,16.85250966,35.91093111,49.15111153,100.8048176,9.064711218,68.10228785,7.182346751,Poor
0.916703648,52.0351514,,65.47194323,109.2905541,100.2244665,44.3347466,30.89154628,3.397398773,Moderate
0.235478968,38.03300472,29.0974202,34.06148174,126.4335153,114.8374309,39.66394912,,7.493606019,Moderate
1.38581006,43.45111687,23.68806638,30.64487349,59.69425846,116.7272304,45.94519222,32.20786515,4.664563647,Moderate
1.312858589,49.50152182,22.96010586,62.93306775,83.96052207,91.89113968,31.93097329,46.13734762,5.658750421,Poor
0.452203716,11.30983543,30.67519685,,,41.30355463,45.87596437,58.72219849,7.528506415,Moderate
0.517496576,48.05607685,25.88993918,41.30395355,92.08456356,62.77196045,10.6226185,79.70616574,5.08686934,Moderate
0.707662231,25.39649708,24.66814872,42.82315305,62.06552374,123.7427131,20.51488511,74.02315182,5.462375254,Moderate
1.766177973,49.89570798,30.74774054,52.15168532,71.2487704,149.0432132,36.21219852,70.08613658,3.908746588,Poor
1.881860627,47.75209644,34.46156326,,117.6357734,102.3019645,4.324993001,59.84055728,5.510077307,Poor
1.506295115,55.00115617,16.25379243,75.53028586,99.06833151,72.41861449,17.87403285,23.76819908,9.877726166,Moderate
1.464471351,46.57947609,26.17284793,62.71710027,28.01683069,157.0364543,29.3254512,62.10934777,2.597336515,Poor
0.727665914,32.0099499,18.14546416,46.51423338,,109.7682043,9.1607535,25.12950686,,Moderate
1.975951241,28.66258958,-1.866407179,38.77458137,50.37333446,44.0006793,8.322442227,25.35242808,8.682669357,Moderate
1.250581001,50.29962749,20.42818761,54.36326771,78.3005148,139.7443111,48.19573779,68.25137176,3.898725178,Poor
1.013992294,38.25109964,22.86390402,51.3060619,22.58893471,80.96340042,47.42075509,16.63379297,7.631351486,Moderate
1.873455774,26.75594271,15.36013111,50.96358306,23.03014701,115.600608,43.25888347,73.96701658,7.413412666,Poor
0.96578559,46.68071903,,31.63295304,0,58.35013715,14.31349153,28.77932143,1.639221109,Moderate
1.238426992,37.98243417,27.07590906,31.55745464,73.88803157,97.5703766,46.53107036,10.08990979,1.313192799,Moderate
0.515668302,55.31272903,20.37067512,57.40726014,136.7798422,185.2074097,15.46839919,59.6073704,8.887788492,Poor
0.85568575,25.27621553,20.31165666,47.10538104,143.5399878,16.59451548,40.68995578,68.21017481,6.204068076,Moderate
1.814177764,16.06924697,20.4940763,48.12798983,24.17896369,193.6797837,31.27927061,68.92660963,7.765117903,Excellent
,17.41716005,29.44286471,35.04890534,114.915861,155.6064568,5.972910218,62.37671643,4.702698386,Poor
0.82342279,39.51738452,,48.73609853,42.54111985,74.7818652,6.31165185,26.52055512,4.623502945,Moderate
,32.99002119,23.95346851,60.69851532,53.54441107,92.50087059,33.17918105,25.48664739,4.534616028,Moderate
0.965384308,24.93627868,16.13171312,64.12662298,137.3561161,109.7086467,45.06900312,46.44587476,2.641016652,Poor
1.086531849,10.48854237,28.73179827,42.97882246,138.7529711,149.4984275,3.42761452,18.41114811,4.683246164,Moderate
0.29857095,,,,86.16297589,,,,,Moderate
1.125621989,43.98236413,18.31909791,,97.94000157,76.55495315,22.20887943,38.19498738,9.872725964,Moderate
0.401670024,35.47110641,15.87799885,53.33465604,92.13709526,158.7119529,38.18759224,67.8352163,8.057684613,Moderate
0.511929776,55.45162603,15.77992025,63.38802958,,149.1853823,20.44973326,58.4960839,7.223549912,Poor
1.620508229,58.15575558,31.2224754,38.62619385,115.7097973,191.1688427,44.47726994,73.59062835,9.578121513,Poor
0.774764548,29.69322028,16.24915187,45.3231734,54.18989587,49.05874482,7.631702016,52.96921615,2.827635336,Moderate
,33.19662433,,,24.38586989,117.5083669,,66.21529496,6.202675443,Moderate
1.4267049,37.39797445,29.36662351,71.68220052,,165.0230106,12.786895,48.62801135,7.456631999,Poor
5.367805145,39.26771822,24.77795664,72.36939653,140.1023585,98.07198567,,47.61654333,,Poor
1.226110106,26.97250963,25.67934945,42.07482426,65.29369236,62.74991399,38.48182937,33.55152463,2.401764606,Moderate
0.617982851,12.08364503,26.54245172,66.5748232,120.1205944,28.35943929,,47.26130547,7.605283333,Moderate
1.545447689,30.14900894,19.56470727,58.33026295,,138.814634,33.51023635,63.02283355,2.030795815,Moderate
1.121019396,,16.15688899,30.54055418,98.60248168,81.36736445,23.07428498,58.18050989,,Moderate
0.876049315,,33.33270472,67.83650835,85.25340755,142.9540294,37.75947266,32.79067928,2.585749655,Moderate
1.72077556,10.24699905,17.61304688,78.6538399,64.54898179,96.03815404,32.78781438,16.72880962,9.763229214,Moderate
1.523127879,16.98256274,24.2535121,41.62529961,105.2900695,49.08600054,35.62418774,16.13021941,6.097993166,Moderate
0.677364262,34.02534736,31.47580768,70.74698643,50.72774277,16.81809723,6.133012002,10.58482929,1.183614496,Good
0.811774935,15.273685,29.85762987,36.41629311,105.2994165,175.5287833,5.339707072,78.28691303,7.530114228,Moderate
1.24947481,46.78315571,27.49748199,57.80953463,53.20187037,26.63788306,8.292633779,53.59188935,5.546491404,Moderate
0.277687842,27.58113436,21.42991402,40.91037673,0,,32.89696483,,7.043606266,Moderate
0.281547218,22.43571363,18.89247673,74.30467177,99.15992893,141.2646701,,58.26739462,1.934554475,Moderate
0.492710491,20.602242,25.22258278,40.22241862,66.21787391,85.82417803,40.58551751,39.47832331,6.641054353,Moderate
0.879111494,48.24049005,16.51210081,79.02841135,,98.45906291,17.57159913,68.70352573,2.905451006,Moderate
1.261851836,43.47434776,20.90602955,45.59397179,148.8596677,25.47572811,17.25812126,,6.953718917,Moderate
1.21723973,,20.64944853,60.1224721,52.53721149,108.6358727,5.05206365,74.47486404,9.639250207,Moderate
0.525035621,20.06818911,29.77446301,42.01495617,69.46315766,196.5629636,4.846721422,41.31326987,6.38364201,Moderate
1.638948582,52.53080289,24.00508492,47.13654627,53.1650157,185.1616258,36.95155486,67.51043842,9.542012112,Poor
1.546867443,50.87248542,15.47189929,35.82915373,33.88685445,123.8597795,22.36148778,72.65700203,6.930485145,Poor
0.411951949,31.84253513,16.35005093,72.47232031,104.0515714,40.09092396,34.10937409,15.21573233,3.795408743,Moderate
0.599549891,13.24267972,34.40514219,48.02372526,67.22667633,67.66482669,26.56774926,46.75985962,1.718102113,Moderate
1.802949105,13.40861547,30.62643711,62.93588194,61.87158005,60.4764386,38.87486086,29.12117343,1.270182031,Moderate
1.340260796,53.63651252,28.42958297,68.42906655,54.77494591,51.57270608,47.52911591,37.86610248,4.039396973,Moderate
0.441227411,13.38062818,31.44359774,,6.437050846,78.31172208,32.51406056,19.12461758,6.804156915,Good
0.664225089,41.19479181,31.87299328,70.42028694,73.01090839,76.21923167,28.22055294,54.95467459,5.228608915,Moderate
1.867857725,36.79138422,,34.61802641,49.63377675,28.07887251,11.98196427,70.44440153,,Moderate
1.769823036,22.03463559,,30.82962403,,,-0.308885472,11.55419691,1.839586462,Poor
0.78532998,13.80654297,33.76609637,41.71016855,91.30831124,189.7708656,32.5396833,72.77225849,7.891869889,Moderate
1.846755902,38.37704241,16.60360028,74.40590945,37.57532266,120.129694,48.46442123,60.74389226,,Poor
0.477852887,48.01449116,34.62355674,65.73766382,18.01512758,140.8463773,19.24414794,70.91376833,9.429090505,Moderate
0.982689209,17.56234144,15.30789783,46.17652062,57.69357014,135.3840111,16.32483794,44.04604706,3.393766582,Moderate
1.510789428,59.85622501,23.69191922,53.21192599,31.8015677,112.3273925,19.32255829,75.13140204,8.453914821,Poor
1.708991668,20.83699,22.54636108,60.415975,36.84706465,20.20247866,13.11764515,47.48653413,2.417504933,Moderate
1.655115227,33.37007556,32.80516106,56.77769074,50.78710693,146.2891985,38.00328439,32.77927965,3.220726786,Poor
1.917291849,44.62180757,20.96104417,71.34292805,109.2141264,64.05658712,45.99321845,20.53468487,5.161253025,Poor
1.419615851,,17.08449606,57.42095815,34.33262263,50.56771492,33.92364583,35.85678533,4.538533911,Moderate
0.976987183,31.97558443,33.34971686,42.98354195,96.01198719,33.34203077,41.51171686,49.79305415,,Moderate
0.256129643,30.93966595,26.95336565,69.60955974,69.64470472,34.5739296,23.2182677,14.55005523,1.679990444,Good
0.693299397,,18.58729364,66.70756295,88.47146168,144.0248492,41.51310912,77.8607563,7.06601234,Poor
1.146242328,34.1484436,17.02745795,67.35391336,7.324082686,194.471624,28.56226229,33.05646469,7.448286364,Moderate
1.251765761,30.67745508,26.71729577,34.68882631,117.448268,,37.27429171,21.08003792,8.293896222,Poor
1.141517765,41.86007384,20.77769878,41.02230021,69.50360276,23.24879716,30.57809167,17.38595525,3.417014266,Moderate
,53.93149932,23.94111088,38.58469539,47.96724128,114.4449266,16.06088292,59.55634787,9.801940814,Moderate
0.226180398,26.21668766,28.55626401,61.13447705,41.04770827,67.07330095,6.652483664,13.45097637,,Good
1.892825452,29.84616381,30.02356096,46.15136729,131.7745634,43.9269962,11.85949308,23.44113757,8.444423336,Moderate
1.545696884,35.61109604,33.36852864,63.87190356,128.0284073,100.0191508,33.36420637,51.01041354,9.654764431,Poor
0.993372944,28.41547653,34.57050937,39.67176715,52.54317913,115.792565,35.86770729,49.0467088,6.699551341,Moderate
1.752254676,18.76514712,32.80430005,48.62544658,53.91293828,47.18328559,43.22848391,75.82779238,4.866424691,Moderate
0.782622626,51.37689478,29.23445611,56.57860763,50.83469017,91.05854648,47.50443627,78.58140343,4.896757449,Moderate
0.411547244,50.64928694,30.89031089,58.5630235,79.11147758,46.2186461,16.18138804,25.61630129,5.551680685,Moderate
1.740253643,26.71191593,31.00006964,44.47197608,12.64787306,81.90822539,25.86103667,57.41392923,5.9395758,Moderate
1.209688349,27.74981529,16.0471004,131.4954276,78.78964016,165.951821,39.72066043,66.21931623,6.083372466,Poor
1.049720501,28.39703757,32.23381808,50.42277907,45.12934913,30.15861122,24.70490463,14.09756201,2.521519742,Moderate
1.285673797,13.13266017,16.84133972,55.01392676,10.84840856,37.81392085,11.94943431,28.94722242,8.472251735,Good
0.382648777,20.02623634,16.74185534,64.80780726,142.6021967,82.83559275,39.25924721,23.20425725,7.187183236,Moderate
0.869632554,43.63010591,30.23596383,37.34609618,,75.44669476,34.8207773,61.51674924,2.265880053,Moderate
0.232598331,57.15379189,18.0319015,35.01227819,14.92390284,144.5643594,19.76598896,76.56589463,8.534972287,Moderate
0.871956769,44.78090732,22.6103542,50.5651986,85.15815698,24.62439468,25.7016633,70.98938917,3.787887827,Moderate
0.972189249,51.90576448,32.31154291,54.22689975,38.67258018,151.0172758,19.70990047,61.9146473,5.560930366,Moderate
1.572425634,24.77223887,25.3339677,66.41854272,145.2543226,39.50707142,4.612001361,61.17720881,8.685536167,Poor
0.450840933,19.30507089,18.97984278,64.61771531,,124.7968369,3.437583666,33.48900412,,Moderate
1.543684529,33.99694174,22.89152151,43.47559311,8.480731503,173.7897437,37.17665206,13.86096134,1.879365478,Moderate
,,,,,174.6475303,,21.79083858,,Moderate
,41.23317844,20.64992132,63.55465785,143.7845507,116.055806,,22.01969923,3.438668871,Moderate
0.580606413,29.93315139,18.91666168,59.74236898,56.08742287,106.087904,34.63138382,231.1152349,9.784635274,Moderate
1.587641967,38.26651273,32.6598765,40.89456898,0,183.598236,5.518098302,53.36115517,3.705900765,Poor
1.330220701,55.96959866,21.96191186,56.57274571,6.918177871,16.38068098,12.426539,19.02852355,1.755081646,Moderate
0.990442835,13.33260203,30.22015847,61.49103272,115.5153151,138.2002257,28.27153004,13.64320871,5.331465566,Moderate
0.404403666,23.70803333,34.13599631,78.07461623,32.53192272,40.11298282,22.56539164,59.42406802,8.033708166,Good
1.715291798,25.77034479,31.96084179,50.9591438,42.27409037,191.1681145,26.18705464,27.49712869,9.655862305,Moderate
1.771302505,18.28872701,33.29097328,65.60685229,98.20272495,77.43325346,15.91113654,69.67072199,6.039037914,Poor
1.403557796,31.30416919,30.86285748,49.2305538,31.12300392,197.782583,42.24296843,17.64956118,7.794461801,Moderate
0.245754428,52.52908645,25.9329644,73.52634831,67.75186523,98.23957974,23.70834636,55.55795653,2.531284662,Moderate
,55.94632668,25.45020362,41.57376069,,171.9175788,15.29855423,65.65510168,9.395615992,Poor
1.631481161,31.8801562,16.90798555,73.96651078,37.91188822,42.73321185,49.263133,50.96363498,6.409743989,Moderate
1.31975606,57.88126423,18.9843055,39.2866536,123.7360442,150.3964564,18.99048074,15.57117032,1.716806161,Poor
0.900563022,44.47633755,,43.68202089,127.6880105,140.0962131,46.70632287,28.34245032,4.733628459,Poor
0.757149709,50.95944297,29.97290468,71.37765261,101.1562061,34.80038983,13.31130129,65.31819328,8.024696225,Moderate
1.136122438,19.32191311,,73.81597166,22.4648643,127.0909108,49.06025677,72.65237012,,Moderate
0.317092867,30.87903879,,45.49034377,57.00012938,48.14532488,28.29044921,79.09700601,1.576391715,Moderate
0.664197834,52.09667834,27.64564307,41.3136215,128.5470203,73.98120473,22.89782729,11.85128318,8.287068323,Moderate
1.354065739,24.64110184,18.72271796,36.01937894,10.69343249,33.71563963,37.69988899,26.35263224,1.051935952,Moderate
1.338075718,59.59049757,15.84844596,73.53442277,138.7775448,18.91271732,8.935323211,35.53726674,7.209679214,Moderate
1.355656963,49.82686455,31.05171359,40.74563185,22.876148,68.59967699,12.45523592,76.19714759,4.765267346,Moderate
1.897237467,15.1254864,28.35609366,53.31548781,60.23801753,134.9350426,39.40867313,38.25526861,5.872018444,Poor
1.125621989,43.98236413,18.31909791,,97.94000157,76.55495315,22.20887943,38.19498738,9.872725964,Moderate
0.900732105,16.96226856,27.47297557,34.49384259,72.94076422,79.88131078,3.018872569,52.35711356,2.745945606,Moderate
1.630660346,40.90778672,20.15214441,48.41736069,103.2441418,165.1509977,,57.02454892,7.067976692,Poor
1.802474811,36.25816918,29.27905265,40.37704681,146.4879287,,28.87562913,70.83693481,1.896975299,Poor
0.429479592,40.7506484,32.85116455,69.16489915,81.13215434,,32.28910395,18.25570724,1.286963157,Moderate
1.666043269,41.95599689,,78.38807326,146.6013484,116.0981268,29.09890379,75.35752343,7.955865427,Poor
0.715774254,13.60992045,29.11171725,76.40910491,118.130834,112.7150134,11.97992055,13.94332945,3.006550077,Moderate
1.410533221,53.53767252,28.75444085,68.85246428,48.85761603,,13.84452574,,6.193480075,Moderate
0.938714289,44.60806708,25.93154284,40.45296869,48.48515098,60.40907557,28.69090216,26.10591443,4.329989974,Moderate
0.942711818,14.69503579,19.06446182,70.45118201,34.9885945,166.6067018,13.23569768,21.47522047,1.520093773,Moderate
0.527384152,36.04789886,15.19847642,67.85240573,13.73290701,32.30849028,46.71025276,73.08814455,4.063463539,Moderate
1.953910654,12.17062664,20.68548186,59.84553453,,197.3361358,7.608093291,18.29231936,1.675842812,Moderate
0.854533284,25.04817835,16.57938324,75.08870143,60.56622806,120.671849,8.928469927,51.94942625,5.236861531,Moderate
1.691727516,21.19088074,22.04749893,38.96266279,65.14972005,186.477899,14.29151587,27.79030961,3.433449118,Moderate
1.945781888,56.72180134,33.12222004,41.02521317,132.4955356,93.24455559,43.8911715,36.68028174,2.205773801,Poor
1.422384174,16.75831446,17.93925419,,25.47386421,77.0502605,,41.87301249,6.141880139,Moderate
0.212513835,48.05139513,20.94475615,46.68141979,17.48916016,164.8460676,15.60949842,71.00862995,7.120414507,Moderate
0.429479592,40.7506484,32.85116455,69.16489915,81.13215434,,32.28910395,18.25570724,1.286963157,Moderate
1.269435288,39.33042316,30.77864944,41.87392784,55.02744179,132.1380549,25.66458583,68.74455671,5.743638447,Moderate
1.245059031,46.32308576,34.04443571,46.87271395,110.506515,146.2197835,34.44551522,46.41121561,5.465975315,Poor
1.623301697,58.2238327,33.41533217,73.64297108,66.00680157,,21.62503134,16.27422413,,Moderate
0.705682117,39.64699674,,41.47990804,100.6550896,109.1574225,24.40688188,43.96789229,9.960437816,Moderate
0.424392826,18.87143847,29.58689588,31.43262138,82.62542637,106.0066844,22.1779017,39.44411658,1.578873009,Moderate
0.527284941,31.06785011,28.08585105,32.80880387,97.47725057,194.7913807,16.04357183,43.60944577,2.201639962,Moderate
,44.16476883,25.34892704,48.62666369,36.97070772,193.8251109,31.92515901,39.04984309,1.603843594,Poor
0.419668823,57.13658871,31.38127028,45.38979158,102.9711208,67.13762561,14.63076012,55.49047452,,Moderate
0.699286129,38.36561098,26.05001935,53.40345271,54.89328459,168.9923427,21.72850182,14.70684438,9.82423718,Moderate
0.707338595,53.39591473,30.88421325,51.98702433,98.61237367,31.9003499,27.79624225,47.96705921,4.050729336,Moderate
1.199361461,33.66049533,,117.1367014,12.06075302,170.7000714,21.0296249,34.56829367,7.865191476,Moderate
1.539103327,11.04724805,26.63244586,78.91773935,113.5482627,107.8458632,39.59024636,56.43538277,4.317062221,Poor
0.785719457,29.62467782,20.49463051,46.22559001,65.23923509,158.8796634,,74.39096539,9.624949178,Moderate
1.077376157,51.58485218,23.65533759,63.82418748,139.0730597,130.7806211,14.50163306,17.55737137,8.962074865,Poor
1.255213698,31.60384415,28.87236115,74.89823234,88.1666756,38.51544081,46.39151611,59.24698381,1.140789658,Moderate
1.891098095,54.18929425,29.24028041,39.6931534,54.19926376,155.9496305,4.763846904,50.06854082,7.253386569,Poor
0.248772787,42.1162763,29.07399559,66.89754737,75.10722234,42.98389263,12.89483896,51.25321515,,Moderate
1.466584147,16.54368304,21.80774209,32.5994676,94.23601307,101.7696138,30.60638382,31.8192325,1.719842345,Moderate
1.8316498,13.56283639,26.28148058,57.01482659,121.7391102,104.7787673,12.64379572,40.85284604,4.682769794,Poor
1.515561455,29.72381393,22.14058688,33.50540698,54.12940495,167.7239457,38.13963575,49.94652053,8.759376625,Poor
1.234051604,49.34516931,21.43339979,32.09576084,12.19285671,68.49281187,31.37874471,68.32898974,4.536556885,Moderate
1.140037868,31.27466672,21.91754921,62.47544649,93.4656487,28.92656258,15.79882367,58.24003499,6.451835404,Moderate
,20.7600936,33.15797588,35.81792426,75.15973174,44.53827463,11.77830883,22.29706086,8.128028135,Good
0.893175911,56.81061231,33.26573895,34.74589684,88.86216565,24.46561869,27.52605114,22.36776199,4.714824882,good
0.451590278,,29.57722885,38.41018279,72.43026846,24.22412708,4.883247058,52.66699568,4.742074559,Moderate
1.368578544,45.90615381,29.14172955,37.15005613,92.62538242,194.1404876,10.50822463,13.95609836,8.353919197,Poor
1.086725188,29.94113904,34.10230415,,29.40039533,64.1518295,24.13041759,17.48938828,2.119107857,Moderate
1.65685008,22.3551617,28.04583297,68.21766932,136.5210843,169.3500872,29.41921148,70.272338,9.524535552,Poor
1.133908503,56.86940332,28.26094384,69.36859791,35.70315,161.8816907,45.67993329,35.42323866,3.964749916,Moderate
,59.81671688,21.71220909,,77.8439139,185.8079139,32.57330207,11.10866497,7.186509214,Poor
0.72846532,13.0176042,29.58346975,30.7190723,132.542217,134.1229721,22.75173128,40.66235597,8.296574187,Moderate
0.417020394,55.46101029,25.88507932,45.76197173,64.55607381,147.0173628,27.36916982,69.67771186,3.615786724,Moderate
0.351451937,34.07611758,26.44097287,51.24254214,80.19144486,59.16907765,6.762979919,38.6249065,7.427378318,Moderate
1.338150495,32.56935122,27.03846862,62.83647424,92.63210136,65.59278534,35.24628424,79.68385275,9.076771451,Poor
0.926269159,35.95298955,23.33008864,74.24275588,130.5751729,31.35343892,18.36931812,79.44645309,3.904153364,Moderate
0.494580697,52.04357897,15.58339527,41.56903182,138.2851645,121.5216072,10.15472605,44.02402793,9.555328118,Moderate
,40.89236201,30.29055589,36.85742441,118.5911469,139.9177049,38.03369374,58.16823614,3.324379221,Poor
0.805887701,10.60603873,33.87403186,60.63979178,22.87088143,161.1654012,42.06855284,77.21864509,3.918822975,Moderate
,24.2436451,34.5796223,,11.84352175,51.47885166,37.62934473,76.08663502,1.853958071,Good
0.208337641,20.67556832,29.25242666,57.20993313,68.13246689,71.44344206,8.756626592,66.17925237,,Moderate
1.723614125,16.06932091,33.92913026,50.01061379,135.2035063,,23.32454684,54.02336014,8.698673459,Poor
0.648726012,47.63583198,33.36153104,37.14209824,16.62707974,90.044373,44.76416618,79.92332898,7.599951178,Moderate
1.261851836,43.47434776,20.90602955,45.59397179,148.8596677,25.47572811,17.25812126,,6.953718917,Moderate
1.652302531,43.67162167,22.50659816,33.12824211,110.7499211,24.06585932,6.418604304,15.50890037,7.013625958,Moderate
1.911285752,36.4468567,25.66057734,42.41918044,33.45562892,193.8406359,23.80477787,12.9540328,9.383815442,Moderate
1.751676772,21.93981057,,59.13572247,89.57955099,62.29825132,13.08454654,21.95321984,3.568647613,Moderate
1.723614125,16.06932091,33.92913026,50.01061379,135.2035063,,23.32454684,54.02336014,8.698673459,Poor
0.583335491,42.54386845,32.60313476,65.80249866,148.0999121,197.4427075,45.72326268,38.90378327,5.675516693,Poor
1.702874426,50.13216549,23.36667728,41.66664113,79.63761809,53.87178855,23.79250582,78.32141103,7.892058634,Poor
1.753586167,46.17100568,21.10621353,55.96122854,28.58581819,62.87659555,31.22513411,30.03570151,1.027187842,POOR
0.216554693,31.51529474,22.94030082,33.84858347,104.2255661,55.22879246,40.95841587,41.47192342,4.672180822,Moderate
1.93813766,57.23660111,29.38707245,55.75028299,,100.165744,,58.12058027,9.653497113,Moderate
1.372556699,40.51125747,17.26607009,,89.34962148,159.8079497,8.628718422,14.9641334,8.590850161,Moderate
0.469851369,36.51510666,24.52671467,31.28847994,69.77533796,63.59866325,11.58338112,10.01700541,2.798856772,Good
1.909639844,51.99306514,29.13952975,60.75645703,123.9367312,95.98653517,18.68409776,19.54597735,5.983554083,Poor
1.797867529,48.11425674,34.14896038,54.46962687,77.58400103,45.8031562,7.215943194,66.23132015,3.961051567,Poor
0.400155468,29.00978094,16.44632951,40.93549002,60.59258545,184.328639,3.067132125,18.07107632,5.336535282,Moderate
0.243921407,41.72912088,28.32926095,44.22706928,130.3331086,30.40266674,25.12689486,41.49389468,7.444567481,Moderate
1.930143015,11.96717703,22.90275487,34.25517431,42.14776959,177.2672865,18.604033,25.62787807,8.12764913,Moderate
1.483840617,27.3904604,33.14390061,51.44721667,16.49564127,190.4483673,22.44227961,15.26000672,2.21534323,Moderate
0.376101489,32.68947707,18.08290086,51.16675721,17.72929437,133.6009292,24.14078756,68.64889666,6.316783492,Moderate
1.813404473,17.37262634,21.19575718,58.21159083,43.04921459,105.1643395,39.00938377,51.36103461,8.212751298,Moderate
0.831057606,26.65009565,27.15504245,79.5054423,83.067272,27.96270871,28.02093104,10.16432317,6.011309288,Moderate
1.308530176,51.44416829,21.04666499,40.56159157,122.720588,103.4054607,22.29813877,57.46857511,5.542655278,Poor
0.612652511,12.09756117,24.95079704,60.17644033,22.90023054,176.8317216,29.97683323,18.88552404,3.086736525,Moderate
1.222301415,22.93104174,15.27491108,34.74826376,112.6436409,33.01469488,,65.29052347,3.379638681,Moderate
1.917071439,,16.42015329,74.89595935,125.4403003,154.0826603,40.83344119,,4.825021727,Poor
0.582210399,30.88833911,32.8797942,132.5089611,38.89241485,25.10290609,15.66365398,69.47201225,5.069646454,Moderate
1.452753571,16.57838426,34.28034814,65.25695728,64.06800101,19.55921486,37.23921489,29.41987144,8.607030023,Moderate
0.504083114,11.80801903,25.42592095,74.77814241,22.95767387,45.06454708,13.79666533,76.51478441,9.222202103,Good
0.519391179,,32.27095045,47.76598742,23.95401192,170.4644129,19.53036144,24.60563392,7.590141227,Moderate
0.777404117,14.11905228,26.83394325,54.19946841,16.61533036,80.39254053,28.29168747,29.96710396,9.271344493,Good
,14.95890498,20.30652275,34.17624573,115.5207485,92.50260093,47.45149537,71.13740205,4.012617939,Moderate
1.301335211,24.81540602,31.07207071,62.75868573,49.62678127,50.64513335,32.05083938,57.19308642,6.146458941,Moderate
1.268466416,11.29059535,26.56596799,56.6145938,142.4280562,184.2457977,9.415641568,24.6663457,4.575047766,Poor
1.014391129,53.66614579,28.22028508,70.28244027,82.20828164,193.6208149,24.66083056,20.70602305,,Poor
0.445468656,36.64788933,19.31481358,65.31230813,114.4125574,166.8570667,48.01503293,47.62456276,5.054828852,Poor
1.453319797,34.8906254,27.33567216,61.61981282,6.06619146,120.2303562,14.00071543,44.40599581,3.667132692,Moderate
1.228902841,32.48923244,34.21253951,76.62774392,54.7248011,,23.18405116,28.99669766,4.591364068,Moderate
0.28453874,48.83552785,16.53958934,32.52083868,114.6854078,77.38431073,5.062411153,,2.463869964,Moderate
0.635334124,19.27627579,18.92195425,62.70663685,11.38954993,171.1053798,36.59071618,37.55773202,7.036724804,Moderate
0.67207528,,32.32191267,63.81805339,123.4150103,131.2182205,44.12540889,67.77158817,3.220195868,Poor
1.066052183,16.85548529,18.802153,33.42252263,137.0698084,167.7063807,32.21084362,19.70567704,4.403767146,Moderate
1.304147353,27.67106897,31.78676985,55.49270048,,155.9939798,39.3777691,13.8732671,7.590615107,Moderate
1.149861996,34.29358796,19.52057996,,64.12781499,39.10928014,23.2020691,41.61472969,9.321859949,Moderate
0.265789402,57.90367401,29.57962123,48.05373632,68.46893962,106.2105732,,18.89235032,3.179763028,Moderate
1.17839515,13.6042168,20.02002767,71.64648578,112.5359567,156.5525372,3.956030848,23.37363081,4.664478686,Moderate
1.732046009,12.59856418,27.25146937,79.9446306,125.7287071,58.07883302,30.52575377,50.61599725,3.050005075,Poor
0.451088949,21.68038755,25.10413547,43.0118299,93.97749593,,26.94691704,54.32882421,3.282782269,Moderate
0.413872249,48.24416308,25.01248536,78.49632627,109.4556798,182.7923209,16.48179235,11.46366586,6.598265313,Moderate
1.636931322,19.10589578,21.12626998,58.16976754,65.66648234,133.2081591,46.24179371,72.27811888,2.293188627,Poor
0.889649351,47.96991312,34.37074663,63.19122374,48.64011635,190.3534649,28.95988663,24.07955798,8.09307046,Moderate
1.646265675,11.49867949,34.61974756,36.48394891,145.0176514,25.5454417,3.757858379,54.36948731,5.245806785,GOOD
1.525599624,22.61205101,16.0926884,73.4204762,17.77949249,106.2018014,6.148581437,22.68751789,1.684762541,Moderate
0.980932969,35.98869743,31.67299924,74.14574083,46.07623851,194.9251236,45.05313583,51.50893234,1.485393246,Moderate
1.678263148,29.09698198,22.06100783,104.2624871,66.93023158,31.55252772,11.59737752,47.08837223,3.570639397,Moderate
8.626956231,58.14960019,29.86386397,52.56470565,45.64853912,56.51085126,36.90811038,34.00765638,9.185998856,Moderate
0.687340412,10.16091318,18.26070674,,112.3962193,36.02451716,44.68108236,23.48071427,5.696960157,Moderate
,34.75732635,,77.99314014,88.6623338,120.6079782,37.90389152,25.92737139,5.624882513,Moderate
0.840750822,,27.05885753,37.68455214,43.97565418,22.39037506,22.36483373,75.62852362,2.584803591,Moderate
0.714281755,42.37373571,19.64768646,57.83924555,20.28319972,49.83596711,48.82909698,27.74456273,4.761992952,Moderate
1.81296434,59.0593089,25.81396953,30.49893883,140.710901,79.18740582,24.86804397,12.68547029,4.819501163,Poor
1.794759947,24.3568979,20.37707029,,109.002972,175.5981596,27.09108215,65.17118517,5.283156947,Poor
1.59594971,25.28021077,18.90481206,31.73363521,140.2658151,,37.30478853,,5.083783842,Poor
